Day of Week,Date,,,Event,Date Wikipedia,Event Wikipedia,Date UFC,Event UFC,Date Sherdog,Event Sherdog,Date Fightmetric,Event Fightmetric,Date MMAFighting,Event MMAFighting
Saturday,12/30/2017,,,UFC 219: Cyborg vs. Holm,12/30/2017,UFC 219: Cyborg vs. Holm,12/30/2017,,12/30/2017,UFC 219 - Cyborg vs. Holm,12/30/2017,,12/30/2017,
Saturday,12/16/2017,FALSE,FALSE,UFC on Fox: Lawler vs. dos Anjos,12/16/2017,UFC on Fox: Lawler vs. dos Anjos,12/16/2017,,12/16/2017,UFC on Fox 26 - Lawler vs. dos Anjos,12/16/2017,UFC Fight Night: Lawler vs. Dos Anjos,12/16/2017,
Saturday,12/9/2017,FALSE,FALSE,UFC Fight Night: Swanson vs. Ortega,12/9/2017,UFC Fight Night: Swanson vs. Ortega,12/9/2017,UFC Fight Night - Swanson vs Ortega,12/9/2017,,12/9/2017,UFC Fight Night: Swanson vs. Ortega,12/9/2017,
Saturday,12/2/2017,FALSE,FALSE,UFC 218: Holloway vs. Aldo 2,12/2/2017,UFC 218: Holloway vs. Aldo 2,12/2/2017,UFC 218 - Holloway vs Aldo 2,12/2/2017,UFC 218 - Holloway vs. Aldo 2,12/2/2017,UFC 218: Holloway vs. Aldo 2,12/2/2017,UFC 218
,12/1/2017,FALSE,FALSE,The Ultimate Fighter Finale: Montano vs Modafferi,12/1/2017,The Ultimate Fighter: A New World Champion Finale,12/1/2017,The Ultimate Fighter Finale - Montano vs Modafferi,12/1/2017,,12/1/2017,The Ultimate Fighter 26 Finale,12/1/2017,
Saturday,11/25/2017,FALSE,FALSE,UFC Fight Night: Bisping vs. Gastelum,11/25/2017,UFC Fight Night: Bisping vs. Gastelum,11/25/2017,UFC Fight Night - Bisping vs Gastelum,11/25/2017,UFC Fight Night 122 - Bisping vs. Gastelum,11/25/2017,UFC Fight Night: Bisping vs. Gastelum,11/25/2017,
Saturday,11/18/2017,FALSE,FALSE,UFC Fight Night: Werdum vs. Tybura,11/19/2017,UFC Fight Night: Werdum vs. Tybura,11/18/2017,UFC Fight Night - Werdum vs Tybura,11/18/2017,,11/18/2017,UFC Fight Night: Werdum vs. Tybura,11/18/2017,
Saturday,11/11/2017,FALSE,FALSE,UFC Fight Night: Poirier vs. Pettis,11/11/2017,UFC Fight Night: Poirier vs. Pettis,11/11/2017,UFC Fight Night - Poirier vs Pettis,11/11/2017,UFC Fight Night 120 - Poirier vs. Pettis,11/11/2017,UFC Fight Night: Poirier vs. Pettis,11/11/2017,
Saturday,11/4/2017,FALSE,FALSE,UFC 217: Bisping vs. St-Pierre,11/4/2017,UFC 217: Bisping vs. St-Pierre,11/4/2017,UFC 217 - Bisping vs St-Pierre,11/4/2017,,11/4/2017,UFC 217: Bisping vs. St-Pierre,11/4/2017,
Saturday,10/28/2017,FALSE,FALSE,UFC Fight Night: Brunson vs. Machida,10/28/2017,UFC Fight Night: Brunson vs. Machida,10/28/2017,UFC Fight Night - Brunson vs Machida,10/28/2017,UFC Fight Night 119 - Brunson vs. Machida,10/28/2017,UFC Fight Night: Brunson vs. Machida,10/28/2017,
Saturday,10/21/2017,FALSE,FALSE,UFC Fight Night: Cerrone vs. Till,10/21/2017,UFC Fight Night: Cerrone vs. Till,10/21/2017,UFC Fight Night - Cerrone vs Till,10/21/2017,,10/21/2017,UFC Fight Night: Cerrone vs. Till,10/21/2017,
Saturday,10/7/2017,FALSE,FALSE,UFC 216: Ferguson vs. Lee,10/7/2017,UFC 216: Ferguson vs. Lee,10/7/2017,UFC 216 - Ferguson vs. Lee,10/7/2017,UFC 216 - Ferguson vs. Lee,10/7/2017,UFC 216: Ferguson vs. Lee,10/7/2017,
Friday,9/22/2017,FALSE,FALSE,UFC Fight Night: Saint Preux vs. Okami,9/23/2017,UFC Fight Night: Saint Preux vs. Okami,9/22/2017,UFC Fight Night - Saint Preux vs Okami,9/22/2017,,9/22/2017,UFC Fight Night: Saint Preux vs. Okami,9/22/2017,
Saturday,9/16/2017,FALSE,FALSE,UFC Fight Night: Rockhold vs. Branch,9/16/2017,UFC Fight Night: Rockhold vs. Branch,9/16/2017,UFC Fight Night - Rockhold vs Branch,9/16/2017,UFC Fight Night 116 - Rockhold vs. Branch,9/16/2017,UFC Fight Night: Rockhold vs. Branch,9/16/2017,
Saturday,9/9/2017,FALSE,FALSE,UFC 215: Nunes vs. Shevchenko 2,9/9/2017,UFC 215: Nunes vs. Shevchenko 2,9/9/2017,UFC 215 - Nunes vs Shevchenko 2,9/9/2017,,9/9/2017,UFC 215: Nunes vs Shevchenko 2,9/9/2017,
Saturday,9/2/2017,FALSE,FALSE,UFC Fight Night: Volkov vs. Struve,9/2/2017,UFC Fight Night: Volkov vs. Struve,9/2/2017,UFC Fight Night - Volkov vs Struve,9/2/2017,UFC Fight Night 115 - Volkov vs. Struve,9/2/2017,UFC Fight Night: Volkov vs. Struve,9/2/2017,"UFC Rotterdam, results"
Saturday,8/5/2017,FALSE,FALSE,UFC Fight Night: Pettis vs. Moreno,8/5/2017,UFC Fight Night: Pettis vs. Moreno,8/5/2017,UFC Fight Night - Pettis vs Moreno,8/5/2017,,8/5/2017,UFC Fight Night: Pettis vs. Moreno,8/5/2017,
Saturday,7/29/2017,FALSE,FALSE,UFC 214: Cormier vs. Jones 2,7/29/2017,UFC 214: Cormier vs. Jones 2,7/29/2017,UFC 214 - Cormier vs Jones 2,7/29/2017,UFC 214 - Cormier vs. Jones 2,7/29/2017,UFC 214: Cormier vs. Jones 2,7/29/2017,
Saturday,7/22/2017,FALSE,FALSE,UFC on Fox: Weidman vs. Gastelum,7/22/2017,UFC on Fox: Weidman vs. Gastelum,7/22/2017,UFC Fight Night - Weidman vs Gastelum,7/22/2017,,7/22/2017,UFC Fight Night: Weidman vs. Gastelum,7/22/2017,
Sunday,7/16/2017,FALSE,FALSE,UFC Fight Night: Nelson vs. Ponzinibbio,7/16/2017,UFC Fight Night: Nelson vs. Ponzinibbio,7/16/2017,UFC Fight Night - Nelson vs Ponzinibbio,7/16/2017,UFC Fight Night 113 - Nelson vs. Ponzinibbio,7/16/2017,UFC Fight Night: Nelson vs. Ponzinibbio,7/16/2017,
Saturday,7/8/2017,FALSE,FALSE,UFC 213: Romero vs. Whittaker,7/8/2017,UFC 213: Romero vs. Whittaker,7/8/2017,UFC 213 - Romero vs Whittaker,7/8/2017,,7/8/2017,UFC 213: Romero vs. Whittaker,7/8/2017,
Friday,7/7/2017,FALSE,FALSE,The Ultimate Fighter: Redemption Finale,7/7/2017,The Ultimate Fighter: Redemption Finale,7/7/2017,The Ultimate Fighter Finale - Johnson vs Gaethje,7/7/2017,UFC - The Ultimate Fighter 25 Finale,7/7/2017,The Ultimate Fighter 25 Finale,7/7/2017,
Sunday,6/25/2017,FALSE,FALSE,UFC Fight Night: Chiesa vs. Lee,6/25/2017,UFC Fight Night: Chiesa vs. Lee,6/25/2017,UFC Fight Night - Chiesa vs Lee,6/25/2017,,6/25/2017,UFC Fight Night: Chiesa vs. Lee,6/25/2017,Johny Hendricks misses weight (again) at UFC Fight Night 112 weigh-ins
Saturday,6/17/2017,FALSE,FALSE,UFC Fight Night: Holm vs. Correia,6/17/2017,UFC Fight Night: Holm vs. Correia,6/17/2017,UFC Fight Night - Holm vs Correia,6/17/2017,UFC Fight Night 111 - Holm vs. Correia,6/17/2017,UFC Fight Night: Holm vs. Correia,6/17/2017,
Saturday,6/10/2017,FALSE,FALSE,UFC Fight Night: Lewis vs. Hunt,6/11/2017,UFC Fight Night: Lewis vs. Hunt,6/10/2017,UFC Fight Night - Lewis vs Hunt,6/10/2017,,6/10/2017,UFC Fight Night: Lewis vs. Hunt,6/10/2017,
Saturday,6/3/2017,FALSE,FALSE,UFC 212: Aldo vs. Holloway,6/3/2017,UFC 212: Aldo vs. Holloway,6/3/2017,UFC 212 - Aldo vs Holloway,6/3/2017,UFC 212 - Aldo vs. Holloway,6/3/2017,UFC 212: Aldo vs. Holloway,6/3/2017,
Sunday,5/28/2017,FALSE,FALSE,UFC Fight Night: Gustafsson vs. Teixeira,5/28/2017,UFC Fight Night: Gustafsson vs. Teixeira,5/28/2017,UFC Fight Night - Gustafsson vs Teixeira,5/28/2017,,5/28/2017,UFC Fight Night: Gustafsson vs. Teixeira,5/28/2017,
Saturday,5/13/2017,FALSE,FALSE,UFC 211: Miocic vs. dos Santos 2,5/13/2017,UFC 211: Miocic vs. dos Santos 2,5/13/2017,UFC 211 - Miocic vs Dos Santos 2,5/13/2017,UFC 211 - Miocic vs. Dos Santos 2,5/13/2017,UFC 211: Miocic vs. Dos Santos,5/13/2017,
Saturday,4/22/2017,FALSE,FALSE,UFC Fight Night: Swanson vs. Lobov,4/22/2017,UFC Fight Night: Swanson vs. Lobov,4/22/2017,UFC Fight Night - Swanson vs. Lobov,4/22/2017,,4/22/2017,UFC Fight Night: Swanson vs. Lobov,4/22/2017,
Saturday,4/15/2017,FALSE,FALSE,UFC on Fox: Johnson vs. Reis,4/15/2017,UFC on Fox: Johnson vs. Reis,4/15/2017,UFC Fight Night - Johnson vs Reis,4/15/2017,UFC on Fox 24 - Johnson vs. Reis,4/15/2017,UFC Fight Night: Johnson vs. Reis,4/15/2017,
Saturday,4/8/2017,FALSE,FALSE,UFC 210: Cormier vs. Johnson 2,4/8/2017,UFC 210: Cormier vs. Johnson 2,4/8/2017,UFC 210 - Cormier vs Johnson 2,4/8/2017,,4/8/2017,UFC 210: Cormier vs. Johnson 2,4/8/2017,
Saturday,3/18/2017,FALSE,FALSE,UFC Fight Night: Manuwa vs. Anderson,3/18/2017,UFC Fight Night: Manuwa vs. Anderson,3/18/2017,UFC Fight Night - Manuwa vs Anderson,3/18/2017,UFC Fight Night 107 - Manuwa vs. Anderson,3/18/2017,UFC Fight Night: Manuwa vs. Anderson,3/18/2017,
Saturday,3/11/2017,FALSE,FALSE,UFC Fight Night: Belfort vs. Gastelum,3/11/2017,UFC Fight Night: Belfort vs. Gastelum,3/11/2017,UFC Fight Night - Belfort vs Gastelum,3/11/2017,,3/11/2017,UFC Fight Night: Belfort vs. Gastelum,3/11/2017,
Saturday,3/4/2017,FALSE,FALSE,UFC 209: Woodley vs. Thompson 2,3/4/2017,UFC 209: Woodley vs. Thompson 2,3/4/2017,UFC 209 - Woodley vs Thompson 2,3/4/2017,UFC 209 - Woodley vs. Thompson 2,3/4/2017,UFC 209: Woodley vs. Thompson 2,3/4/2017,
Sunday,2/19/2017,FALSE,FALSE,UFC Fight Night: Lewis vs. Browne,2/19/2017,UFC Fight Night: Lewis vs. Browne,2/19/2017,UFC Fight Night - Lewis vs Browne,2/19/2017,,2/19/2017,UFC Fight Night: Lewis vs. Browne,2/19/2017,
Saturday,2/11/2017,FALSE,FALSE,UFC 208: Holm vs. de Randamie,2/11/2017,UFC 208: Holm vs. de Randamie,2/11/2017,UFC 208 - Holm vs de Randamie,2/11/2017,UFC 208 - Holm vs. De Randamie,2/11/2017,UFC 208: Holm vs. De Randamie,2/11/2017,
Saturday,2/4/2017,FALSE,FALSE,UFC Fight Night: Bermudez vs. Korean Zombie,2/4/2017,UFC Fight Night: Bermudez vs. Korean Zombie,2/4/2017,UFC Fight Night - Bermudez vs Korean Zombie,2/4/2017,,2/4/2017,UFC Fight Night: Bermudez vs. The Korean Zombie,2/4/2017,Bec Rawlings explains why she missed weight at UFC Fight Night 104
Saturday,1/28/2017,FALSE,FALSE,UFC on Fox: Shevchenko vs. Pea,1/28/2017,UFC on Fox: Shevchenko vs. Pea,1/28/2017,UFC Fight Night - Shevchenko vs Pena,1/28/2017,UFC on Fox 23 - Shevchenko vs. Pena,1/28/2017,UFC Fight Night: Shevchenko vs. Pena,1/28/2017,
Sunday,1/15/2017,FALSE,FALSE,UFC Fight Night: Rodrguez vs. Penn,1/15/2017,UFC Fight Night: Rodrguez vs. Penn,1/15/2017,UFC Fight Night - Rodriguez vs Penn,1/15/2017,,1/15/2017,UFC Fight Night: Rodriguez vs. Penn,1/15/2017,
Friday,12/30/2016,FALSE,FALSE,UFC 207: Nunes vs. Rousey,12/30/2016,UFC 207: Nunes vs. Rousey,12/30/2016,UFC 207 - Nunes vs Rousey,12/30/2016,UFC 207 - Nunes vs. Rousey,12/30/2016,UFC 207: Nunes vs. Rousey,12/30/2016,
Saturday,12/17/2016,FALSE,FALSE,UFC on Fox: VanZant vs. Waterson,12/17/2016,UFC on Fox: VanZant vs. Waterson,12/17/2016,UFC Fight Night - VanZant vs Waterson,12/17/2016,,12/17/2016,UFC Fight Night: VanZant vs. Waterson,12/17/2016,
Saturday,12/10/2016,FALSE,FALSE,UFC 206: Holloway vs. Pettis,12/10/2016,UFC 206: Holloway vs. Pettis,12/10/2016,UFC 206 - Holloway vs Pettis,12/10/2016,UFC 206 - Holloway vs. Pettis,12/10/2016,UFC 206: Holloway vs. Pettis,12/10/2016,
Friday,12/9/2016,FALSE,FALSE,UFC Fight Night: Lewis vs. Abdurakhimov,12/9/2016,UFC Fight Night: Lewis vs. Abdurakhimov,12/9/2016,UFC Fight Night - Lewis vs Abdurakhimov,12/9/2016,,12/9/2016,UFC Fight Night: Lewis vs. Abdurakhimov,12/9/2016,
Saturday,12/3/2016,FALSE,FALSE,The Ultimate Fighter: Tournament of Champions Finale,12/3/2016,The Ultimate Fighter: Tournament of Champions Finale,12/3/2016,The Ultimate Fighter - A Tournament of Champions Finale,12/3/2016,UFC - The Ultimate Fighter 24 Finale,12/3/2016,The Ultimate Fighter 24 Finale,12/3/2016,
Saturday,11/26/2016,FALSE,FALSE,UFC Fight Night: Whittaker vs. Brunson,11/27/2016,UFC Fight Night: Whittaker vs. Brunson,11/26/2016,UFC Fight Night - Whittaker vs Brunson,11/26/2016,,11/26/2016,UFC Fight Night: Whittaker vs. Brunson,11/26/2016,
Saturday,11/19/2016,FALSE,TRUE,UFC Fight Night: Mousasi vs. Hall 2,11/19/2016,UFC Fight Night: Mousasi vs. Hall 2,11/19/2016,UFC Fight Night - Mousasi vs Hall 2,11/19/2016,,11/19/2016,UFC Fight Night: Mousasi vs. Hall 2,11/19/2016,
Saturday,11/19/2016,TRUE,FALSE,UFC Fight Night: Bader vs. Nogueira 2,11/19/2016,UFC Fight Night: Bader vs. Nogueira 2,11/19/2016,UFC Fight Night - Bader vs Nogueira 2,11/19/2016,UFC Fight Night 100 - Bader vs. Nogueira 2,11/19/2016,UFC Fight Night: Bader vs. Nogueira,11/19/2016,
Saturday,11/12/2016,FALSE,FALSE,UFC 205: Alvarez vs. McGregor,11/12/2016,UFC 205: Alvarez vs. McGregor,11/12/2016,UFC 205 - Alvarez vs McGregor,11/12/2016,UFC 205 - Alvarez vs. McGregor,11/12/2016,UFC 205: Alvarez vs McGregor,11/12/2016,
Saturday,11/5/2016,FALSE,FALSE,The Ultimate Fighter Latin America 3 Finale: dos Anjos vs. Ferguson,11/5/2016,The Ultimate Fighter Latin America 3 Finale: dos Anjos vs. Ferguson,11/5/2016,UFC Fight Night - Dos Anjos vs Ferguson,11/5/2016,,11/5/2016,UFC Fight Night: Dos Anjos vs. Ferguson,11/5/2016,
Saturday,10/15/2016,FALSE,FALSE,UFC Fight Night: Lamas vs. Penn,10/15/2016,UFC Fight Night: Lamas vs. Penn,10/15/2016,,10/15/2016,,10/15/2016,,10/15/2016,
Saturday,10/8/2016,FALSE,FALSE,UFC 204: Bisping vs. Henderson 2,10/8/2016,UFC 204: Bisping vs. Henderson 2,10/8/2016,UFC 204 - Bisping vs Henderson,10/8/2016,UFC 204 - Bisping vs. Henderson 2,10/8/2016,UFC 204: Bisping vs. Henderson,10/8/2016,
Saturday,10/1/2016,FALSE,FALSE,UFC Fight Night: Lineker vs. Dodson,10/1/2016,UFC Fight Night: Lineker vs. Dodson,10/1/2016,UFC Fight Night - Lineker vs Dodson,10/1/2016,,10/1/2016,UFC Fight Night: Lineker vs. Dodson,10/1/2016,
Saturday,9/24/2016,FALSE,FALSE,UFC Fight Night: Cyborg vs. Lansberg,9/24/2016,UFC Fight Night: Cyborg vs. Lansberg,9/24/2016,UFC Fight Night - Cyborg vs Lansberg,9/24/2016,UFC Fight Night 95 - Cyborg vs. Lansberg,9/24/2016,UFC Fight Night: Cyborg vs. Lansberg,9/24/2016,
Saturday,9/17/2016,FALSE,FALSE,UFC Fight Night: Poirier vs. Johnson,9/17/2016,UFC Fight Night: Poirier vs. Johnson,9/17/2016,UFC Fight Night - Poirier vs Johnson,9/17/2016,,9/17/2016,UFC Fight Night: Poirier vs. Johnson,9/17/2016,
Saturday,9/10/2016,FALSE,FALSE,UFC 203: Miocic vs. Overeem,9/10/2016,UFC 203: Miocic vs. Overeem,9/10/2016,UFC 203 - Miocic vs. Overeem,9/10/2016,UFC 203 - Miocic vs. Overeem,9/10/2016,UFC 203: Miocic vs. Overeem,9/10/2016,
Saturday,9/3/2016,FALSE,FALSE,UFC Fight Night: Arlovski vs. Barnett,9/3/2016,UFC Fight Night: Arlovski vs. Barnett,9/3/2016,UFC Fight Night - Arlovski vs Barnett,9/3/2016,,9/3/2016,UFC Fight Night: Arlovski vs. Barnett,9/3/2016,UFC Fight Night 93
Saturday,8/27/2016,FALSE,FALSE,UFC on Fox: Maia vs. Condit,8/27/2016,UFC on Fox: Maia vs. Condit,8/27/2016,UFC Fight Night - Maia vs Condit,8/27/2016,UFC on Fox 21 - Maia vs. Condit,8/27/2016,UFC Fight Night: Maia vs. Condit,8/27/2016,
Saturday,8/20/2016,FALSE,FALSE,UFC 202: Diaz vs. McGregor 2,8/20/2016,UFC 202: Diaz vs. McGregor 2,8/20/2016,UFC 202 - Diaz vs McGregor 2,8/20/2016,,8/20/2016,UFC 202: Diaz vs. McGregor 2,8/20/2016,
Saturday,8/6/2016,FALSE,FALSE,UFC Fight Night: Rodrguez vs. Caceres,8/6/2016,UFC Fight Night: Rodrguez vs. Caceres,8/6/2016,UFC Fight Night - Rodriguez vs Caceres,8/6/2016,UFC Fight Night 92 - Rodriguez vs. Caceres,8/6/2016,UFC Fight Night: Rodriguez vs. Caceres,8/6/2016,
Saturday,7/30/2016,FALSE,FALSE,UFC 201: Lawler vs. Woodley,7/30/2016,UFC 201: Lawler vs. Woodley,7/30/2016,UFC 201 - Lawler vs. Woodley,7/30/2016,,7/30/2016,UFC 201: Lawler vs. Woodley,7/30/2016,
Saturday,7/23/2016,FALSE,FALSE,UFC on Fox: Holm vs. Shevchenko,7/23/2016,UFC on Fox: Holm vs. Shevchenko,7/23/2016,UFC Fight Night - Holm vs Shevchenko,7/23/2016,UFC on Fox 20 - Holm vs. Shevchenko,7/23/2016,UFC Fight Night: Holm vs. Shevchenko,7/23/2016,
Wednesday,7/13/2016,FALSE,FALSE,UFC Fight Night: McDonald vs. Lineker,7/13/2016,UFC Fight Night: McDonald vs. Lineker,7/13/2016,UFC Fight Night - McDonald vs Lineker,7/13/2016,,7/13/2016,UFC Fight Night: McDonald vs. Lineker,7/13/2016,
Saturday,7/9/2016,FALSE,FALSE,UFC 200: Tate vs. Nunes,7/9/2016,UFC 200: Tate vs. Nunes,7/9/2016,UFC 200 - Tate vs Nunes,7/9/2016,UFC 200 - Tate vs. Nunes,7/9/2016,UFC 200: Tate vs Nunes,7/9/2016,
Friday,7/8/2016,FALSE,FALSE,The Ultimate Fighter: Team Joanna vs. Team Cludia Finale,7/8/2016,The Ultimate Fighter: Team Joanna vs. Team Cludia Finale,7/8/2016,The Ultimate Fighter Finale - Team Joanna vs. Team Claudia,7/8/2016,,7/8/2016,The Ultimate Fighter 23 Finale,7/8/2016,
Thursday,7/7/2016,FALSE,FALSE,UFC Fight Night: dos Anjos vs. Alvarez,7/7/2016,UFC Fight Night: dos Anjos vs. Alvarez,7/7/2016,UFC Fight Night - Dos Anjos vs. Alvarez,7/7/2016,UFC Fight Night 90 - Dos Anjos vs. Alvarez,7/7/2016,UFC Fight Night: Dos Anjos vs. Alvarez,7/7/2016,
Saturday,6/18/2016,FALSE,FALSE,UFC Fight Night: MacDonald vs. Thompson,6/18/2016,UFC Fight Night: MacDonald vs. Thompson,6/18/2016,UFC Fight Night - MacDonald vs. Thompson,6/18/2016,,6/18/2016,UFC Fight Night: MacDonald vs Thompson,6/18/2016,
Saturday,6/4/2016,FALSE,FALSE,UFC 199: Rockhold vs. Bisping 2,6/4/2016,UFC 199: Rockhold vs. Bisping 2,6/4/2016,UFC 199 - Rockhold vs. Bisping 2,6/4/2016,UFC 199 - Rockhold vs. Bisping 2,6/4/2016,UFC 199: Rockhold vs. Bisping 2,6/4/2016,
Sunday,5/29/2016,FALSE,FALSE,UFC Fight Night: Almeida vs. Garbrandt,5/29/2016,UFC Fight Night: Almeida vs. Garbrandt,5/29/2016,UFC Fight Night - Almeida vs. Garbrandt,5/29/2016,,5/29/2016,UFC Fight Night: Almeida vs Garbrandt,5/29/2016,
Saturday,5/14/2016,FALSE,FALSE,UFC 198: Werdum vs. Miocic,5/14/2016,UFC 198: Werdum vs. Miocic,5/14/2016,UFC 198 - Werdum vs. Miocic,5/14/2016,UFC 198 - Werdum vs. Miocic,5/14/2016,UFC 198: Werdum vs Miocic,5/14/2016,
Sunday,5/8/2016,FALSE,FALSE,UFC Fight Night: Overeem vs. Arlovski,5/8/2016,UFC Fight Night: Overeem vs. Arlovski,5/8/2016,UFC Fight Night - Overeem vs. Arlovski,5/8/2016,,5/8/2016,UFC Fight Night: Overeem vs Arlovski,5/8/2016,
Saturday,4/23/2016,FALSE,FALSE,UFC 197: Jones vs. Saint Preux,4/23/2016,UFC 197: Jones vs. Saint Preux,4/23/2016,UFC 197 - Jones vs. Saint Preux,4/23/2016,UFC 197 - Jones vs. St. Preux,4/23/2016,UFC 197: Jones vs Saint Preux,4/23/2016,
Saturday,4/16/2016,FALSE,FALSE,UFC on Fox: Teixeira vs. Evans,4/16/2016,UFC on Fox: Teixeira vs. Evans,4/16/2016,UFC Fight Night - Teixeira vs. Evans,4/16/2016,,4/16/2016,UFC Fight Night: Teixeira vs Evans,4/16/2016,
Sunday,4/10/2016,FALSE,FALSE,UFC Fight Night: Rothwell vs. dos Santos,4/10/2016,UFC Fight Night: Rothwell vs. dos Santos,4/10/2016,UFC Fight Night - Rothwell vs. Dos Santos,4/10/2016,UFC Fight Night 86 - Rothwell vs. Dos Santos,4/10/2016,UFC Fight Night: Rothwell vs Dos Santos,4/10/2016,
Saturday,3/19/2016,FALSE,FALSE,UFC Fight Night: Hunt vs. Mir,3/20/2016,UFC Fight Night: Hunt vs. Mir,3/19/2016,UFC Fight Night - Hunt vs. Mir,3/19/2016,,3/19/2016,UFC Fight Night: Hunt vs Mir,3/19/2016,
Saturday,3/5/2016,FALSE,FALSE,UFC 196: McGregor vs. Diaz,3/5/2016,UFC 196: McGregor vs. Diaz,3/5/2016,UFC 196 - McGregor vs. Diaz,3/5/2016,UFC 196 - McGregor vs. Diaz,3/5/2016,UFC 196: McGregor vs Diaz,3/5/2016,
Saturday,2/27/2016,FALSE,FALSE,UFC Fight Night: Silva vs. Bisping,2/27/2016,UFC Fight Night: Silva vs. Bisping,2/27/2016,UFC Fight Night - Silva vs. Bisping,2/27/2016,,2/27/2016,UFC Fight Night: Silva vs Bisping,2/27/2016,
Sunday,2/21/2016,FALSE,FALSE,UFC Fight Night: Cowboy vs. Cowboy,2/21/2016,UFC Fight Night: Cowboy vs. Cowboy,2/21/2016,UFC Fight Night - Cowboy vs. Cowboy,2/21/2016,UFC Fight Night 83 - Cerrone vs. Oliveira,2/21/2016,UFC Fight Night: Cowboy vs Cowboy,2/21/2016,
Saturday,2/6/2016,FALSE,FALSE,UFC Fight Night: Hendricks vs. Thompson,2/6/2016,UFC Fight Night: Hendricks vs. Thompson,2/6/2016,UFC Fight Night - Hendricks vs. Thompson,2/6/2016,,2/6/2016,UFC Fight Night: Hendricks vs Thompson,2/6/2016,
Saturday,1/30/2016,FALSE,FALSE,UFC on Fox: Johnson vs. Bader,1/30/2016,UFC on Fox: Johnson vs. Bader,1/30/2016,UFC Fight Night - Johnson vs. Bader,1/30/2016,UFC on Fox 18 - Johnson vs. Bader,1/30/2016,UFC Fight Night: Johnson vs. Bader,1/30/2016,
Sunday,1/17/2016,FALSE,FALSE,UFC Fight Night: Dillashaw vs. Cruz,1/17/2016,UFC Fight Night: Dillashaw vs. Cruz,1/17/2016,UFC Fight Night - Dillashaw vs. Cruz,1/17/2016,,1/17/2016,UFC Fight Night: Dillashaw vs Cruz,1/17/2016,
Saturday,1/2/2016,FALSE,FALSE,UFC 195: Lawler vs. Condit,1/2/2016,UFC 195: Lawler vs. Condit,1/2/2016,UFC 195 - Lawler vs Condit,1/2/2016,UFC 195 - Lawler vs. Condit,1/2/2016,UFC 195: Lawler vs Condit,1/2/2016,UFC 195
Saturday,12/19/2015,FALSE,FALSE,UFC on Fox: dos Anjos vs. Cerrone 2,12/19/2015,UFC on Fox: dos Anjos vs. Cerrone 2,12/19/2015,UFC Fight Night - dos Anjos vs Cowboy 2,12/19/2015,,12/19/2015,UFC on FOX: Dos Anjos vs. Cowboy 2,12/19/2015,
Saturday,12/12/2015,FALSE,FALSE,UFC 194: Aldo vs. McGregor,12/12/2015,UFC 194: Aldo vs. McGregor,12/12/2015,UFC 194 - Aldo vs McGregor,12/12/2015,UFC 194 - Aldo vs. McGregor,12/12/2015,UFC 194: Aldo vs McGregor,12/12/2015,
Friday,12/11/2015,FALSE,FALSE,The Ultimate Fighter: Team McGregor vs. Team Faber Finale,12/11/2015,The Ultimate Fighter: Team McGregor vs. Team Faber Finale,12/11/2015,The Ultimate Fighter Finale - Team McGregor vs Team Faber,12/11/2015,,12/11/2015,The Ultimate Fighter 22 Finale,12/11/2015,
Thursday,12/10/2015,FALSE,FALSE,UFC Fight Night: Namajunas vs. VanZant,12/10/2015,UFC Fight Night: Namajunas vs. VanZant,12/10/2015,UFC Fight Night - Namajunas vs VanZant,12/10/2015,UFC Fight Night 80 - Namajunas vs. VanZant,12/10/2015,UFC Fight Night: Namajunas vs. VanZant,12/10/2015,
Saturday,11/28/2015,FALSE,FALSE,UFC Fight Night: Henderson vs. Masvidal,11/28/2015,UFC Fight Night: Henderson vs. Masvidal,11/28/2015,UFC Fight Night - Henderson vs Masvidal,11/28/2015,,11/28/2015,UFC Fight Night: Henderson vs Masvidal,11/28/2015,
Saturday,11/21/2015,FALSE,FALSE,The Ultimate Fighter Latin America 2 Finale: Magny vs. Gastelum,11/21/2015,The Ultimate Fighter Latin America 2 Finale: Magny vs. Gastelum,11/21/2015,UFC Fight Night - Magny vs Gastelum,11/21/2015,UFC Fight Night 78 - Magny vs. Gastelum,11/21/2015,UFC Fight Night 78: Magny vs Gastelum,11/21/2015,
Saturday,11/14/2015,FALSE,FALSE,UFC 193: Rousey vs. Holm,11/15/2015,UFC 193: Rousey vs. Holm,11/14/2015,UFC 193 - Rousey vs Holm,11/14/2015,,11/14/2015,UFC 193: Rousey vs Holm,11/14/2015,
Saturday,11/7/2015,FALSE,FALSE,UFC Fight Night: Belfort vs. Henderson 3,11/7/2015,UFC Fight Night: Belfort vs. Henderson 3,11/7/2015,UFC Fight Night - Belfort vs Henderson,11/7/2015,UFC Fight Night 77 - Belfort vs. Henderson 3,11/7/2015,UFC Fight Night: Belfort vs Henderson,11/7/2015,
Saturday,10/24/2015,FALSE,FALSE,UFC Fight Night: Holohan vs. Smolka,10/24/2015,UFC Fight Night: Holohan vs. Smolka,10/24/2015,UFC Fight Night - Holohan vs. Smolka,10/24/2015,,10/24/2015,UFC Fight Night: Holohan vs Smolka,10/24/2015,
Saturday,10/3/2015,FALSE,FALSE,UFC 192: Cormier vs. Gustafsson,10/3/2015,UFC 192: Cormier vs. Gustafsson,10/3/2015,UFC 192 - Cormier vs. Gustafsson,10/3/2015,UFC 192 - Cormier vs. Gustafsson,10/3/2015,UFC 192: Cormier vs Gustafsson,10/3/2015,
Saturday,9/26/2015,FALSE,FALSE,UFC Fight Night: Barnett vs. Nelson,9/27/2015,UFC Fight Night: Barnett vs. Nelson,9/26/2015,UFC Fight Night - Barnett vs. Nelson,9/26/2015,,9/26/2015,UFC Fight Night: Barnett vs Nelson,9/26/2015,
Saturday,9/5/2015,FALSE,FALSE,UFC 191: Johnson vs. Dodson 2,9/5/2015,UFC 191: Johnson vs. Dodson 2,9/5/2015,UFC 191 - Johnson vs. Dodson 2,9/5/2015,UFC 191 - Johnson vs. Dodson 2,9/5/2015,UFC 191: Johnson vs Dodson 2,9/5/2015,
Sunday,8/23/2015,FALSE,FALSE,UFC Fight Night: Holloway vs. Oliveira,8/23/2015,UFC Fight Night: Holloway vs. Oliveira,8/23/2015,UFC Fight Night - Holloway vs. Oliveira,8/23/2015,,8/23/2015,UFC Fight Night: Holloway vs Oliveira,8/23/2015,
Saturday,8/8/2015,FALSE,FALSE,UFC Fight Night: Teixeira vs. Saint Preux,8/8/2015,UFC Fight Night: Teixeira vs. Saint Preux,8/8/2015,UFC Fight Night - Teixeira vs. Saint Preux,8/8/2015,UFC Fight Night 73 - Teixeira vs. St. Preux,8/8/2015,UFC Fight Night: Teixeira vs Saint Preux,8/8/2015,
Saturday,8/1/2015,FALSE,FALSE,UFC 190: Rousey vs. Correia,8/1/2015,UFC 190: Rousey vs. Correia,8/1/2015,UFC 190 - Rousey vs. Correia,8/1/2015,,8/1/2015,UFC 190: Rousey vs Correia,8/1/2015,
Saturday,7/25/2015,FALSE,FALSE,UFC on Fox: Dillashaw vs. Baro 2,7/25/2015,UFC on Fox: Dillashaw vs. Baro 2,7/25/2015,UFC Fight Night - Dillashaw vs. Barao 2,7/25/2015,UFC on Fox 16 - Dillashaw vs. Barao 2,7/25/2015,UFC on Fox: Dillashaw vs. Barao II,7/25/2015,
Saturday,7/18/2015,FALSE,FALSE,UFC Fight Night: Bisping vs. Leites,7/18/2015,UFC Fight Night: Bisping vs. Leites,7/18/2015,UFC Fight Night - Bisping vs. Leites,7/18/2015,,7/18/2015,UFC Fight Night: Bisping vs Leites,7/18/2015,
Wednesday,7/15/2015,FALSE,FALSE,UFC Fight Night: Mir vs. Duffee,7/15/2015,UFC Fight Night: Mir vs. Duffee,7/15/2015,UFC Fight Night - Mir vs. Duffee,7/15/2015,UFC Fight Night 71 - Mir vs. Duffee,7/15/2015,UFC Fight Night: Mir vs Duffee,7/15/2015,
Sunday,7/12/2015,FALSE,FALSE,The Ultimate Fighter: American Top Team vs. Blackzilians Finale,7/12/2015,The Ultimate Fighter: American Top Team vs. Blackzilians Finale,7/12/2015,The Ultimate Fighter Finale - American Top Team vs. Blackzilians,7/12/2015,,7/12/2015,The Ultimate Fighter 21 Finale,7/12/2015,
Saturday,7/11/2015,FALSE,FALSE,UFC 189: Mendes vs. McGregor,7/11/2015,UFC 189: Mendes vs. McGregor,7/11/2015,UFC 189 - Mendes vs. McGregor,7/11/2015,UFC 189 - Mendes vs. McGregor,7/11/2015,UFC 189: Mendes vs McGregor,7/11/2015,
Saturday,6/27/2015,FALSE,FALSE,UFC Fight Night: Machida vs. Romero,6/27/2015,UFC Fight Night: Machida vs. Romero,6/27/2015,UFC Fight Night - Machida vs. Romero,6/27/2015,,6/27/2015,UFC Fight Night: Machida vs Romero,6/27/2015,
Saturday,6/20/2015,FALSE,FALSE,UFC Fight Night: Jdrzejczyk vs. Penne,6/20/2015,UFC Fight Night: Jdrzejczyk vs. Penne,6/20/2015,UFC Fight Night - Jedrzejczyk vs. Penne,6/20/2015,UFC Fight Night 69 - Jedrzejczyk vs. Penne,6/20/2015,UFC Fight Night: Jedrzejczyk vs Penne,6/20/2015,
Saturday,6/13/2015,FALSE,FALSE,UFC 188: Velasquez vs. Werdum,6/13/2015,UFC 188: Velasquez vs. Werdum,6/13/2015,UFC 188 - Velasquez vs. Werdum,6/13/2015,,6/13/2015,UFC 188: Velasquez vs Werdum,6/13/2015,
Saturday,6/6/2015,FALSE,FALSE,UFC Fight Night: Boetsch vs. Henderson,6/6/2015,UFC Fight Night: Boetsch vs. Henderson,6/6/2015,UFC Fight Night - Boetsch vs. Henderson,6/6/2015,UFC Fight Night 68 - Boetsch vs. Henderson,6/6/2015,UFC Fight Night: Boetsch vs Henderson,6/6/2015,
Saturday,5/30/2015,FALSE,FALSE,UFC Fight Night: Condit vs. Alves,5/30/2015,UFC Fight Night: Condit vs. Alves,5/30/2015,UFC Fight Night - Condit vs. Alves,5/30/2015,,5/30/2015,UFC Fight Night: Condit vs Alves,5/30/2015,
Saturday,5/23/2015,FALSE,FALSE,UFC 187: Johnson vs. Cormier,5/23/2015,UFC 187: Johnson vs. Cormier,5/23/2015,UFC 187 - Johnson vs. Cormier,5/23/2015,UFC 187 - Johnson vs. Cormier,5/23/2015,UFC 187: Johnson vs Cormier,5/23/2015,
Saturday,5/16/2015,FALSE,FALSE,UFC Fight Night: Edgar vs. Faber,5/16/2015,UFC Fight Night: Edgar vs. Faber,5/16/2015,UFC Fight Night - Edgar vs. Faber,5/16/2015,,5/16/2015,UFC Fight Night: Edgar vs Faber,5/16/2015,
Saturday,5/9/2015,FALSE,FALSE,UFC Fight Night: Miocic vs. Hunt,5/10/2015,UFC Fight Night: Miocic vs. Hunt,5/9/2015,UFC Fight Night - Miocic vs. Hunt,5/10/2015,UFC Fight Night 65 - Miocic vs. Hunt,5/9/2015,UFC Fight Night: Miocic vs Hunt,5/9/2015,
Saturday,4/25/2015,FALSE,FALSE,UFC 186: Johnson vs. Horiguchi,4/25/2015,UFC 186: Johnson vs. Horiguchi,4/25/2015,UFC 186 - Johnson vs. Horiguchi,4/25/2015,,4/25/2015,UFC 186: Johnson vs Horiguchi,4/25/2015,
Saturday,4/18/2015,FALSE,FALSE,UFC on Fox: Machida vs. Rockhold,4/18/2015,UFC on Fox: Machida vs. Rockhold,4/18/2015,UFC Fight Night - Machida vs. Rockhold,4/18/2015,UFC on Fox 15 - Machida vs. Rockhold,4/18/2015,UFC Fight Night: Machida vs Rockhold,4/18/2015,
Saturday,4/11/2015,FALSE,FALSE,UFC Fight Night: Gonzaga vs. Cro Cop 2,4/11/2015,UFC Fight Night: Gonzaga vs. Cro Cop 2,4/11/2015,UFC Fight Night - Gonzaga vs. Cro Cop 2,4/11/2015,,4/11/2015,UFC Fight Night: Gonzaga vs Cro Cop 2,4/11/2015,
Saturday,4/4/2015,FALSE,FALSE,UFC Fight Night: Mendes vs. Lamas,4/4/2015,UFC Fight Night: Mendes vs. Lamas,4/4/2015,UFC Fight Night - Mendes vs. Lamas,4/4/2015,UFC Fight Night 63 - Mendes vs. Lamas,4/4/2015,UFC Fight Night: Mendes vs Lamas,4/4/2015,
Saturday,3/21/2015,FALSE,FALSE,UFC Fight Night: Maia vs. LaFlare,3/21/2015,UFC Fight Night: Maia vs. LaFlare,3/21/2015,UFC Fight Night - Maia vs. LaFlare,3/21/2015,,3/21/2015,UFC Fight Night: Maia vs LaFlare,3/21/2015,
Saturday,3/14/2015,FALSE,FALSE,UFC 185: Pettis vs. dos Anjos,3/14/2015,UFC 185: Pettis vs. dos Anjos,3/14/2015,UFC 185 - Pettis vs. Dos Anjos,3/14/2015,UFC 185 - Pettis vs. Dos Anjos,3/14/2015,UFC 185: Pettis vs Dos Anjos,3/14/2015,
Saturday,2/28/2015,FALSE,FALSE,UFC 184: Rousey vs. Zingano,2/28/2015,UFC 184: Rousey vs. Zingano,2/28/2015,UFC 184 - Rousey vs. Zingano,2/28/2015,,2/28/2015,UFC 184: Rousey vs Zingano,2/28/2015,
Sunday,2/22/2015,FALSE,FALSE,UFC Fight Night: Bigfoot vs. Mir,2/22/2015,UFC Fight Night: Bigfoot vs. Mir,2/22/2015,UFC Fight Night - Bigfoot vs. Mir,2/22/2015,UFC Fight Night 61 - Bigfoot vs. Mir,2/22/2015,UFC Fight Night: Bigfoot vs Mir,2/22/2015,
Saturday,2/14/2015,FALSE,FALSE,UFC Fight Night: Henderson vs. Thatch,2/14/2015,UFC Fight Night: Henderson vs. Thatch,2/14/2015,UFC Fight Night - Henderson vs. Thatch,2/14/2015,,2/14/2015,UFC Fight Night: Henderson vs Thatch,2/14/2015,
Saturday,1/31/2015,FALSE,FALSE,UFC 183: Silva vs. Diaz,1/31/2015,UFC 183: Silva vs. Diaz,1/31/2015,UFC 183 - Silva vs. Diaz,1/31/2015,UFC 183 - Silva vs. Diaz,1/31/2015,UFC 183: Silva vs Diaz,1/31/2015,
Saturday,1/24/2015,FALSE,FALSE,UFC on Fox: Gustafsson vs. Johnson,1/24/2015,UFC on Fox: Gustafsson vs. Johnson,1/24/2015,UFC Fight Night - Gustafsson vs. Johnson,1/24/2015,,1/24/2015,UFC Fight Night: Gustafsson vs Johnson,1/24/2015,
Sunday,1/18/2015,FALSE,FALSE,UFC Fight Night: McGregor vs. Siver,1/18/2015,UFC Fight Night: McGregor vs. Siver,1/18/2015,UFC Fight Night - McGregor vs. Siver,1/18/2015,UFC Fight Night 59 - McGregor vs. Siver,1/18/2015,UFC Fight Night: McGregor vs Siver,1/18/2015,
Saturday,1/3/2015,FALSE,FALSE,UFC 182: Jones vs. Cormier,1/3/2015,UFC 182: Jones vs. Cormier,1/3/2015,UFC 182 - Jones vs. Cormier,1/3/2015,,1/3/2015,UFC 182: Jones vs Cormier,1/3/2015,UFC 182
Saturday,12/20/2014,FALSE,FALSE,UFC Fight Night: Machida vs. Dollaway,12/20/2014,UFC Fight Night: Machida vs. Dollaway,12/20/2014,UFC Fight Night - Machida vs. Dollaway,12/20/2014,UFC Fight Night 58 - Machida vs. Dollaway,12/20/2014,UFC Fight Night: Machida vs Dollaway,12/20/2014,
Saturday,12/13/2014,FALSE,FALSE,UFC on Fox: dos Santos vs. Miocic,12/13/2014,UFC on Fox: dos Santos vs. Miocic,12/13/2014,UFC Fight Night - Dos Santos vs. Miocic,12/13/2014,,12/13/2014,UFC Fight Night: Dos Santos vs Miocic,12/13/2014,
Friday,12/12/2014,FALSE,FALSE,The Ultimate Fighter: A Champion Will Be Crowned Finale,12/12/2014,The Ultimate Fighter: A Champion Will Be Crowned Finale,12/12/2014,The Ultimate Fighter Finale,12/12/2014,UFC - The Ultimate Fighter 20 Finale,12/12/2014,The Ultimate Fighter 20 Finale,12/12/2014,
Saturday,12/6/2014,FALSE,FALSE,UFC 181: Hendricks vs. Lawler II,12/6/2014,UFC 181: Hendricks vs. Lawler II,12/6/2014,UFC 181 - Hendricks vs. Lawler II,12/6/2014,,12/6/2014,UFC 181: Hendricks vs Lawler II,12/6/2014,
Saturday,11/22/2014,FALSE,FALSE,UFC Fight Night: Edgar vs. Swanson,11/22/2014,UFC Fight Night: Edgar vs. Swanson,11/22/2014,UFC Fight Night - Edgar vs. Swanson,11/22/2014,UFC Fight Night 57 - Edgar vs. Swanson,11/22/2014,UFC Fight Night: Edgar vs Swanson,11/22/2014,
,11/15/2014,FALSE,FALSE,UFC 180: Werdum vs. Hunt,11/15/2014,UFC 180: Werdum vs. Hunt,11/15/2014,UFC 180 - Werdum vs. Hunt,11/15/2014,,11/15/2014,UFC 180: Werdum vs Hunt,11/15/2014,
Saturday,11/8/2014,FALSE,TRUE,UFC Fight Night: Rockhold vs. Bisping,11/8/2014,UFC Fight Night: Rockhold vs. Bisping,11/8/2014,,11/8/2014,,11/8/2014,,11/8/2014,
Saturday,11/8/2014,TRUE,FALSE,UFC Fight Night: Shogun vs. Saint Preux,11/8/2014,UFC Fight Night: Shogun vs. Saint Preux,11/8/2014,UFC Fight Night - Shogun vs. Saint Preux,11/8/2014,UFC Fight Night 56 - Shogun vs. St. Preux,11/8/2014,UFC Fight Night 56: Shogun vs Saint Preux,11/8/2014,
Friday,11/7/2014,FALSE,FALSE,UFC Fight Night: Rockhold vs Bisping,11/7/2014,,11/7/2014,UFC Fight Night - Rockhold vs. Bisping,11/7/2014,,11/7/2014,UFC Fight Night: Rockhold vs Bisping,11/7/2014,
Saturday,10/25/2014,FALSE,FALSE,UFC 179: Aldo vs. Mendes 2,10/25/2014,UFC 179: Aldo vs. Mendes 2,10/25/2014,UFC 179 - Aldo vs. Mendes 2,10/25/2014,UFC 179 - Aldo vs. Mendes 2,10/25/2014,UFC 179: Aldo vs Mendes 2,10/25/2014,
Saturday,10/4/2014,FALSE,TRUE,UFC Fight Night: MacDonald vs. Saffiedine,10/4/2014,UFC Fight Night: MacDonald vs. Saffiedine,10/4/2014,UFC Fight Night - MacDonald vs. Saffiedine,,,10/4/2014,UFC Fight Night: MacDonald vs Saffiedine,10/4/2014,
Saturday,10/4/2014,TRUE,FALSE,UFC Fight Night: Nelson vs. Story,10/4/2014,UFC Fight Night: Nelson vs. Story,10/4/2014,UFC Fight Night - Nelson vs. Story,10/4/2014,UFC Fight Night 53 - Nelson vs. Story,10/4/2014,UFC Fight Night: Nelson vs Story,10/4/2014,
Saturday,9/27/2014,FALSE,FALSE,UFC 178: Johnson vs. Cariaso,9/27/2014,UFC 178: Johnson vs. Cariaso,9/27/2014,UFC 178 - Johnson vs. Cariaso,9/27/2014,,9/27/2014,UFC 178: Johnson vs Cariaso,9/27/2014,
Saturday,9/20/2014,FALSE,FALSE,UFC Fight Night: Hunt vs. Nelson,9/20/2014,UFC Fight Night: Hunt vs. Nelson,9/20/2014,UFC Fight Night - Hunt vs. Nelson,9/20/2014,UFC Fight Night 52 - Hunt vs. Nelson,9/20/2014,UFC Fight Night: Hunt vs Nelson,9/20/2014,
,9/13/2014,FALSE,FALSE,UFC Fight Night: Bigfoot vs. Arlovski,9/13/2014,UFC Fight Night: Bigfoot vs. Arlovski,9/13/2014,UFC Fight Night - Bigfoot vs. Arlovski,9/13/2014,,9/13/2014,UFC Fight Night: Silva vs Arlovski,9/13/2014,
Friday,9/5/2014,FALSE,FALSE,UFC Fight Night: Jacar vs. Mousasi,9/5/2014,UFC Fight Night: Jacar vs. Mousasi,9/5/2014,UFC Fight Night - Jacare vs. Mousasi,9/5/2014,UFC Fight Night 50 - Jacare vs. Mousasi 2,9/5/2014,UFC Fight Night: Souza vs Mousasi,9/5/2014,
Saturday,8/30/2014,FALSE,FALSE,UFC 177: Dillashaw vs. Soto,8/30/2014,UFC 177: Dillashaw vs. Soto,8/30/2014,UFC 177 - Dillashaw vs. Soto,8/30/2014,,8/30/2014,UFC 177: Dillashaw vs Soto,8/30/2014,
Saturday,8/23/2014,FALSE,TRUE,UFC Fight Night: Henderson vs. dos Anjos,8/23/2014,UFC Fight Night: Henderson vs. dos Anjos,8/23/2014,UFC Fight Night - Henderson vs. Dos Anjos,8/23/2014,UFC Fight Night 49 - Henderson vs. dos Anjos,8/23/2014,UFC Fight Night: Henderson vs Dos Anjos,8/23/2014,
Saturday,8/23/2014,TRUE,FALSE,UFC Fight Night: Bisping vs. Le,8/23/2014,UFC Fight Night: Bisping vs. Le,8/23/2014,UFC Fight Night - Bisping vs. Le,,,8/23/2014,UFC Fight Night: Bisping vs Le,8/23/2014,
Saturday,8/16/2014,FALSE,FALSE,UFC Fight Night: Bader vs. Saint Preux,8/16/2014,UFC Fight Night: Bader vs. Saint Preux,8/16/2014,UFC Fight Night - Bader vs. Saint Preux,8/16/2014,UFC Fight Night 47 - Bader vs. St. Preux,8/16/2014,UFC Fight Night: Bader vs Saint Preux,8/16/2014,
Saturday,8/2/2014,FALSE,FALSE,UFC 176: Aldo vs. Mendes II,8/2/2014,UFC 176: Aldo vs. Mendes II,8/2/2014,,8/2/2014,,8/2/2014,,8/2/2014,
Saturday,7/26/2014,FALSE,FALSE,UFC on Fox: Lawler vs. Brown,7/26/2014,UFC on Fox: Lawler vs. Brown,7/26/2014,UFC Fight Night - Lawler vs. Brown,7/26/2014,UFC on Fox 12 - Lawler vs. Brown,7/26/2014,UFC on Fox: Lawler vs Brown,7/26/2014,
Saturday,7/19/2014,FALSE,FALSE,UFC Fight Night: McGregor vs. Brandao,7/19/2014,UFC Fight Night: McGregor vs. Brandao,7/19/2014,UFC Fight Night - McGregor vs. Brandao,7/19/2014,,7/19/2014,UFC Fight Night: McGregor vs Brandao,7/19/2014,
Wednesday,7/16/2014,FALSE,FALSE,UFC Fight Night: Cerrone vs. Miller,7/16/2014,UFC Fight Night: Cerrone vs. Miller,7/16/2014,UFC Fight Night - Cerrone vs. Miller,7/16/2014,UFC Fight Night 45 - Cerrone vs. Miller,7/16/2014,UFC Fight Night: Cerrone vs Miller,7/16/2014,
Sunday,7/6/2014,FALSE,FALSE,The Ultimate Fighter: Team Edgar vs. Team Penn Finale,7/6/2014,The Ultimate Fighter: Team Edgar vs. Team Penn Finale,7/6/2014,The Ultimate Fighter Finale - Edgar vs. Penn,7/6/2014,,7/6/2014,The Ultimate Fighter 19 Finale,7/6/2014,
Saturday,7/5/2014,FALSE,FALSE,UFC 175: Weidman vs. Machida,7/5/2014,UFC 175: Weidman vs. Machida,7/5/2014,UFC 175 - Weidman vs. Machida,7/5/2014,UFC 175 - Weidman vs. Machida,7/5/2014,UFC 175: Weidman vs Machida,7/5/2014,
Saturday,6/28/2014,FALSE,TRUE,UFC Fight Night: Te Huna vs. Marquardt,6/28/2014,UFC Fight Night: Te Huna vs. Marquardt,6/28/2014,UFC Fight Night - Te Huna vs. Marquardt,6/28/2014,UFC Fight Night 43 - Te Huna vs. Marquardt,6/28/2014,UFC Fight Night: Te Huna vs Marquardt,6/28/2014,
Saturday,6/28/2014,TRUE,FALSE,UFC Fight Night: Swanson vs. Stephens,6/28/2014,UFC Fight Night: Swanson vs. Stephens,6/28/2014,UFC Fight Night - Swanson vs. Stephens,,,6/28/2014,UFC Fight Night: Swanson vs Stephens,6/28/2014,
Saturday,6/14/2014,FALSE,FALSE,UFC 174: Johnson vs. Bagautinov,6/14/2014,UFC 174: Johnson vs. Bagautinov,6/14/2014,UFC 174 - Johnson vs. Bagautinov,6/14/2014,,6/14/2014,UFC 174: Johnson vs Bagautinov,6/14/2014,
Saturday,6/7/2014,FALSE,FALSE,UFC Fight Night: Henderson vs. Khabilov,6/7/2014,UFC Fight Night: Henderson vs. Khabilov,6/7/2014,UFC Fight Night - Henderson vs. Khabilov,6/7/2014,UFC Fight Night 42 - Henderson vs. Khabilov,6/7/2014,UFC Fight Night: Henderson vs Khabilov,6/7/2014,
Saturday,5/31/2014,FALSE,TRUE,The Ultimate Fighter Brazil 3 Finale: Miocic vs. Maldonado,5/31/2014,The Ultimate Fighter Brazil 3 Finale: Miocic vs. Maldonado,5/31/2014,UFC Fight Night - Miocic vs. Maldonado,5/31/2014,UFC - The Ultimate Fighter Brazil 3 Finale,5/31/2014,TUF Brazil Finale: Miocic vs Maldonado,5/31/2014,
Saturday,5/31/2014,TRUE,FALSE,UFC Fight Night: Muoz vs. Mousasi,5/31/2014,UFC Fight Night: Muoz vs. Mousasi,5/31/2014,UFC Fight Night - Munoz vs. Mousasi,,,5/31/2014,UFC Fight Night: Munoz vs Mousasi,5/31/2014,
Saturday,5/24/2014,FALSE,FALSE,UFC 173: Baro vs. Dillashaw,5/24/2014,UFC 173: Baro vs. Dillashaw,5/24/2014,UFC 173 - Barao vs. Dillashaw,5/24/2014,,5/24/2014,UFC 173: Barao vs Dillashaw,5/24/2014,
Saturday,5/10/2014,FALSE,FALSE,UFC Fight Night: Brown vs. Silva,5/10/2014,UFC Fight Night: Brown vs. Silva,5/10/2014,UFC Fight Night - Brown vs. Silva,5/10/2014,UFC Fight Night 40 - Brown vs. Silva,5/10/2014,UFC Fight Night: Brown vs Silva,5/10/2014,
Saturday,4/26/2014,FALSE,FALSE,UFC 172: Jones vs. Teixeira,4/26/2014,UFC 172: Jones vs. Teixeira,4/26/2014,UFC 172 - Jones vs. Teixeira,4/26/2014,,4/26/2014,UFC 172: Jones vs Teixeira,4/26/2014,
Saturday,4/19/2014,FALSE,FALSE,UFC on Fox: Werdum vs. Browne,4/19/2014,UFC on Fox: Werdum vs. Browne,4/19/2014,FOX UFC Saturday - Werdum vs. Browne,4/19/2014,UFC on Fox 11 - Werdum vs. Browne,4/19/2014,UFC on Fox: Werdum vs Browne,4/19/2014,
Wednesday,4/16/2014,FALSE,FALSE,The Ultimate Fighter Nations Finale: Bisping vs. Kennedy,4/16/2014,The Ultimate Fighter Nations Finale: Bisping vs. Kennedy,4/16/2014,TUF Nations Finale - Bisping vs. Kennedy,4/16/2014,,4/16/2014,UFC Fight Night: Bisping vs Kennedy,4/16/2014,
Friday,4/11/2014,FALSE,FALSE,UFC Fight Night: Nogueira vs. Nelson,4/11/2014,UFC Fight Night: Nogueira vs. Nelson,4/11/2014,UFC Fight Night - Nogueira vs. Nelson,4/11/2014,UFC Fight Night 39 - Nogueira vs. Nelson,4/11/2014,UFC Fight Night: Minotauro vs Nelson,4/11/2014,
Sunday,3/23/2014,FALSE,FALSE,UFC Fight Night: Shogun vs. Henderson 2,3/23/2014,UFC Fight Night: Shogun vs. Henderson 2,3/23/2014,UFC Fight Night - Shogun vs. Henderson 2,3/23/2014,,3/23/2014,UFC Fight Night: Shogun vs Henderson,3/23/2014,
Saturday,3/15/2014,FALSE,FALSE,UFC 171: Hendricks vs. Lawler,3/15/2014,UFC 171: Hendricks vs. Lawler,3/15/2014,UFC 171 - Hendricks vs. Lawler,3/15/2014,UFC 171 - Hendricks vs. Lawler,3/15/2014,UFC 171: Hendricks vs Lawler,3/15/2014,
Saturday,3/8/2014,FALSE,FALSE,UFC Fight Night: Gustafsson vs. Manuwa,3/8/2014,UFC Fight Night: Gustafsson vs. Manuwa,3/8/2014,UFC Fight Night - Gustafsson vs. Manuwa,3/8/2014,,3/8/2014,UFC Fight Night: Gustafsson vs Manuwa,3/8/2014,
Saturday,3/1/2014,FALSE,FALSE,The Ultimate Fighter China Finale: Kim vs. Hathaway,3/1/2014,The Ultimate Fighter China Finale: Kim vs. Hathaway,3/1/2014,UFC Fight Night - Kim vs. Hathaway,3/1/2014,UFC - The Ultimate Fighter China Finale,3/1/2014,UFC Fight Night: Kim vs Hathaway,3/1/2014,
Saturday,2/22/2014,FALSE,FALSE,UFC 170: Rousey vs. McMann,2/22/2014,UFC 170: Rousey vs. McMann,2/22/2014,UFC 170 - Rousey vs. McMann,2/22/2014,,2/22/2014,UFC 170: Rousey vs McMann,2/22/2014,
Saturday,2/15/2014,FALSE,FALSE,UFC Fight Night: Machida vs. Mousasi,2/15/2014,UFC Fight Night: Machida vs. Mousasi,2/15/2014,UFC Fight Night - Machida vs. Mousasi,2/15/2014,UFC Fight Night 36 - Machida vs. Mousasi,2/15/2014,UFC Fight Night: Machida vs Mousasi,2/15/2014,
Saturday,2/1/2014,FALSE,FALSE,UFC 169: Baro vs. Faber II,2/1/2014,UFC 169: Baro vs. Faber II,2/1/2014,UFC 169 - Live on Pay-Per-View,2/1/2014,,2/1/2014,UFC 169: Barao vs Faber 2,2/1/2014,UFC 169 weigh-ins: John Lineker makes weight on second attempt
Saturday,1/25/2014,FALSE,FALSE,UFC on Fox: Henderson vs. Thomson,1/25/2014,UFC on Fox: Henderson vs. Thomson,1/25/2014,FOX UFC Saturday - Live from Chicago,1/25/2014,UFC on Fox 10 - Henderson vs. Thomson,1/25/2014,UFC on Fox: Henderson vs Thomson,1/25/2014,
Wednesday,1/15/2014,FALSE,FALSE,UFC Fight Night: Rockhold vs. Philippou,1/15/2014,UFC Fight Night: Rockhold vs. Philippou,1/15/2014,UFC FIGHT NIGHT - Rockhold vs. Philippou,1/15/2014,,1/15/2014,UFC Fight Night: Rockhold vs Philippou,1/15/2014,
Saturday,1/4/2014,FALSE,FALSE,UFC Fight Night: Saffiedine vs. Lim,1/4/2014,UFC Fight Night: Saffiedine vs. Lim,1/4/2014,UFC Fight Night - Saffiedine vs. Lim,1/4/2014,UFC Fight Night 34 - Saffiedine vs. Lim,1/4/2014,UFC Fight Night: Saffiedine vs Lim,1/4/2014,UFC Fight Night 34
Saturday,12/28/2013,FALSE,FALSE,UFC 168: Weidman vs. Silva 2,12/28/2013,UFC 168: Weidman vs. Silva 2,12/28/2013,UFC 168 - Live on Pay-Per-View,12/28/2013,,12/28/2013,UFC 168: Weidman vs Silva 2,12/28/2013,
Saturday,12/14/2013,FALSE,FALSE,UFC on Fox: Johnson vs. Benavidez 2,12/14/2013,UFC on Fox: Johnson vs. Benavidez 2,12/14/2013,UFC on FOX 9 - Live from Sacramento,12/14/2013,UFC on Fox 9 - Johnson vs. Benavidez 2,12/14/2013,UFC on Fox: Johnson vs. Benavidez 2,12/14/2013,
Friday,12/6/2013,FALSE,FALSE,UFC Fight Night: Hunt vs. Bigfoot,12/7/2013,UFC Fight Night: Hunt vs. Bigfoot,12/6/2013,UFC Fight Night - Hunt vs. Bigfoot,12/6/2013,,12/6/2013,UFC Fight Night: Hunt vs Bigfoot,12/6/2013,
Saturday,11/30/2013,FALSE,FALSE,The Ultimate Fighter: Team Rousey vs. Team Tate Finale,11/30/2013,The Ultimate Fighter: Team Rousey vs. Team Tate Finale,11/30/2013,TUF 18 Finale - Live on FOX Sports 1,11/30/2013,UFC - The Ultimate Fighter 18 Finale,11/30/2013,The Ultimate Fighter 18 Finale,11/30/2013,
Saturday,11/16/2013,FALSE,FALSE,UFC 167: St-Pierre vs. Hendricks,11/16/2013,UFC 167: St-Pierre vs. Hendricks,11/16/2013,UFC 167 - Live on Pay-Per-View,11/16/2013,,11/16/2013,UFC 167: St-Pierre vs Hendricks,11/16/2013,"UFC 167 weigh-in results: Georges St-Pierre, Johny Hendricks make weight"
Saturday,11/9/2013,FALSE,FALSE,UFC Fight Night 32: Belfort vs. Henderson,11/9/2013,UFC Fight Night 32 !UFC Fight Night: Belfort vs. Henderson,11/9/2013,UFC Fight Night - Belfort vs. Henderson,11/9/2013,UFC Fight Night 32 - Belfort vs. Henderson,11/9/2013,UFC Fight Night: Belfort vs Henderson,11/9/2013,
Wednesday,11/6/2013,FALSE,FALSE,UFC Fight Night 31: Fight for the Troops 3,11/6/2013,UFC Fight Night 31 !UFC: Fight for the Troops 3,11/6/2013,Fight for the Troops - UFC Fight Night,11/6/2013,,11/6/2013,UFC Fight Night: Fight for the Troops,11/6/2013,
Saturday,10/26/2013,FALSE,FALSE,UFC Fight Night 30: Machida vs. Muoz,10/26/2013,UFC Fight Night 30 !UFC Fight Night: Machida vs. Muoz,10/26/2013,UFC Fight Night - Machida vs. Munoz,10/26/2013,UFC Fight Night 30 - Machida vs. Munoz,10/26/2013,UFC Fight Night: Machida vs Munoz,10/26/2013,
Saturday,10/19/2013,FALSE,FALSE,UFC 166: Velasquez vs. Dos Santos 3,10/19/2013,UFC 166: Velasquez vs. Dos Santos 3,10/19/2013,UFC 166 - Live on Pay-Per-View,10/19/2013,,10/19/2013,UFC 166: Velasquez vs Dos Santos 3,10/19/2013,
Wednesday,10/9/2013,FALSE,FALSE,UFC Fight Night 29: Maia vs. Shields,10/9/2013,UFC Fight Night 29 !UFC Fight Night: Maia vs. Shields,10/9/2013,UFC Fight Night - Maia vs. Shields,10/9/2013,UFC Fight Night 29 - Maia vs. Shields,10/9/2013,UFC Fight Night: Maia vs Shields,10/9/2013,
Saturday,9/21/2013,FALSE,FALSE,UFC 165: Jones vs. Gustafsson,9/21/2013,UFC 165: Jones vs. Gustafsson,9/21/2013,UFC 165 - Live on Pay-Per-View,9/21/2013,,9/21/2013,UFC 165: Jones vs Gustafsson,9/21/2013,
Wednesday,9/4/2013,FALSE,FALSE,UFC Fight Night 28: Teixeira vs. Bader,9/4/2013,UFC Fight Night 28 !UFC Fight Night: Teixeira vs. Bader,9/4/2013,UFC Fight Night - Teixeira vs. Bader,9/4/2013,UFC Fight Night 28 - Teixeira vs. Bader,9/4/2013,UFC Fight Night: Teixeira vs Bader,9/4/2013,
Saturday,8/31/2013,FALSE,FALSE,UFC 164: Henderson vs. Pettis,8/31/2013,UFC 164: Henderson vs. Pettis,8/31/2013,UFC 164 - Live on Pay-Per-View,8/31/2013,,8/31/2013,UFC 164: Henderson vs Pettis 2,8/31/2013,
Wednesday,8/28/2013,FALSE,FALSE,UFC Fight Night 27: Condit vs. Kampmann 2,8/28/2013,UFC Fight Night 27 !UFC Fight Night: Condit vs. Kampmann 2,8/28/2013,UFC Fight Night - Condit vs. Kampmann 2,8/28/2013,UFC Fight Night 27 - Condit vs. Kampmann 2,8/28/2013,UFC Fight Night: Condit vs Kampmann 2,8/28/2013,"UFC Fight Night 27 weigh-ins: Carlos Condit, Martin Kampmann make weight"
Saturday,8/17/2013,FALSE,FALSE,UFC Fight Night 26: Shogun vs. Sonnen,8/17/2013,UFC Fight Night 26 !UFC Fight Night: Shogun vs. Sonnen,8/17/2013,UFC Fight Night - Shogun vs. Sonnen,8/17/2013,,8/17/2013,UFC Fight Night: Shogun vs Sonnen,8/17/2013,
Saturday,8/3/2013,FALSE,FALSE,UFC 163: Aldo vs. Korean Zombie,8/3/2013,UFC 163: Aldo vs. Korean Zombie,8/3/2013,UFC 163 - Live on Pay-Per-View,8/3/2013,UFC 163 - Aldo vs. Korean Zombie,8/3/2013,UFC 163: Aldo vs Jung,8/3/2013,"UFC 163 weigh-in results: Jose Aldo, Chan Sung Jung make weight (updated)"
Saturday,7/27/2013,FALSE,FALSE,UFC on Fox: Johnson vs. Moraga,7/27/2013,UFC on Fox: Johnson vs. Moraga,7/27/2013,UFC on FOX 8 - Live from Seattle,7/27/2013,,7/27/2013,UFC on Fox: Johnson vs Moraga,7/27/2013,
Saturday,7/6/2013,FALSE,FALSE,UFC 162: Silva vs. Weidman,7/6/2013,UFC 162: Silva vs. Weidman,7/6/2013,UFC 162 - Live on Pay-Per-View,7/6/2013,UFC 162 - Silva vs. Weidman,7/6/2013,UFC 162: Silva vs Weidman,7/6/2013,
Saturday,6/15/2013,FALSE,FALSE,UFC 161: Evans vs. Henderson,6/15/2013,UFC 161: Evans vs. Henderson,6/15/2013,UFC 161 - Live on Pay-Per-View,6/15/2013,,6/15/2013,UFC 161: Evans vs Henderson,6/15/2013,
Saturday,6/8/2013,FALSE,FALSE,UFC on Fuel TV: Nogueira vs. Werdum,6/8/2013,UFC on Fuel TV: Nogueira vs. Werdum,6/8/2013,UFC on FUEL TV 10 - Live from Brazil,6/8/2013,UFC on Fuel TV 10 - Nogueira vs. Werdum,6/8/2013,UFC on FUEL TV 10,6/8/2013,
Saturday,5/25/2013,FALSE,FALSE,UFC 160: Velasquez vs. Bigfoot 2,5/25/2013,UFC 160: Velasquez vs. Bigfoot 2,5/25/2013,UFC 160 - Live on Pay-Per-View,5/25/2013,,5/25/2013,UFC 160: Velasquez vs Silva 2,5/25/2013,
Saturday,5/18/2013,FALSE,FALSE,UFC on FX: Belfort vs. Rockhold,5/18/2013,UFC on FX: Belfort vs. Rockhold,5/18/2013,UFC on FX 8 - Live from Brazil,5/18/2013,UFC on FX 8 - Belfort vs. Rockhold,5/18/2013,UFC on FX: Belfort vs. Rockhold,5/18/2013,
Saturday,4/27/2013,FALSE,FALSE,UFC 159: Jones vs. Sonnen,4/27/2013,UFC 159: Jones vs. Sonnen,4/27/2013,UFC 159 - Live on Pay-Per View,4/27/2013,,4/27/2013,UFC 159: Jones vs Sonnen,4/27/2013,
Saturday,4/20/2013,FALSE,FALSE,UFC on Fox: Henderson vs. Melendez,4/20/2013,UFC on Fox: Henderson vs. Melendez,4/20/2013,UFC on FOX 7 - Live from San Jose,4/20/2013,UFC on Fox 7 - Henderson vs. Melendez,4/20/2013,UFC on FOX: Henderson vs Melendez,4/20/2013,
Saturday,4/13/2013,FALSE,FALSE,Ultimate Fighter 17: Team Jones vs. Team Sonnen Finale,4/13/2013,Ultimate Fighter 17 !The Ultimate Fighter: Team Jones vs. Team Sonnen Finale,4/13/2013,The Ultimate Fighter 17 Finale - Live from Las Vegas,4/13/2013,,4/13/2013,The Ultimate Fighter 17 Finale,4/13/2013,
Saturday,4/6/2013,FALSE,FALSE,UFC on Fuel TV: Mousasi vs. Latifi,4/6/2013,UFC on Fuel TV: Mousasi vs. Latifi,4/6/2013,UFC on FUEL TV 9 - Live from Stockholm,4/6/2013,UFC on Fuel TV 9 - Mousasi vs. Latifi,4/6/2013,UFC on FUEL TV 9: Mousasi vs Latifi,4/6/2013,
Saturday,3/16/2013,FALSE,FALSE,UFC 158: St-Pierre vs. Diaz,3/16/2013,UFC 158: St-Pierre vs. Diaz,3/16/2013,UFC 158 - Live on Pay-Per View,3/16/2013,,3/16/2013,UFC 158: St-Pierre vs Diaz,3/16/2013,
Saturday,3/2/2013,FALSE,FALSE,UFC on Fuel TV: Silva vs. Stann,3/3/2013,UFC on Fuel TV: Silva vs. Stann,3/2/2013,UFC on FUEL TV 8 - Japan 2013,3/3/2013,UFC on Fuel TV 8 - Silva vs. Stann,3/2/2013,UFC on FUEL TV: Japan,3/2/2013,UFC on FUEL TV 8 weigh-in results
Saturday,2/23/2013,FALSE,FALSE,UFC 157: Rousey vs. Carmouche,2/23/2013,UFC 157: Rousey vs. Carmouche,2/23/2013,UFC 157,2/23/2013,,2/23/2013,UFC 157: Rousey vs Carmouche,2/23/2013,
Saturday,2/16/2013,FALSE,FALSE,UFC on Fuel TV: Baro vs. McDonald,2/16/2013,UFC on Fuel TV: Baro vs. McDonald,2/16/2013,UFC on FUEL TV 7 - Live from London,2/16/2013,UFC on Fuel TV 7 - Barao vs. McDonald,2/16/2013,UFC on FUEL TV: Barao vs McDonald,2/16/2013,
Saturday,2/2/2013,FALSE,FALSE,UFC 156: Aldo vs. Edgar,2/2/2013,UFC 156: Aldo vs. Edgar,2/2/2013,UFC 156 - Live on Pay-Per-View,2/2/2013,,2/2/2013,UFC 156: Aldo vs Edgar,2/2/2013,UFC 156: Aldo vs. Edgar weigh-in results
Saturday,1/26/2013,FALSE,FALSE,UFC on Fox: Johnson vs. Dodson,1/26/2013,UFC on Fox: Johnson vs. Dodson,1/26/2013,UFC on FOX 6 - Live from Chicago,1/26/2013,UFC on Fox 6 - Johnson vs. Dodson,1/26/2013,UFC on Fox: Johnson vs Dodson,1/26/2013,
Saturday,1/19/2013,FALSE,FALSE,UFC on FX: Belfort vs. Bisping,1/19/2013,UFC on FX: Belfort vs. Bisping,1/19/2013,UFC on FX 7 - Live from Brazil,1/19/2013,,1/19/2013,UFC on FX: Belfort vs Bisping,1/19/2013,
Saturday,12/29/2012,FALSE,FALSE,UFC 155: Dos Santos vs. Velasquez 2,12/29/2012,UFC 155: dos Santos vs. Velasquez 2,12/29/2012,UFC 155 Live on Pay-Per-View - Live on Pay-Per-View,12/29/2012,UFC 155 - Dos Santos vs. Velasquez 2,12/29/2012,UFC 155: Dos Santos vs Velasquez II,12/29/2012,
Saturday,12/15/2012,FALSE,FALSE,Ultimate Fighter 16: Team Carwin vs. Team Nelson Finale,12/15/2012,Ultimate Fighter 16 !The Ultimate Fighter: Team Carwin vs. Team Nelson Finale,12/15/2012,The Ultimate Fighter 16,12/15/2012,UFC - The Ultimate Fighter 16 Finale,12/15/2012,The Ultimate Fighter 16 Finale,12/15/2012,
Saturday,12/14/2012,FALSE,FALSE,UFC on FX: Sotiropoulos vs. Pearson,12/15/2012,UFC on FX: Sotiropoulos vs. Pearson,12/14/2012,UFC on FX 6,12/15/2012,,12/15/2012,UFC on FX: Sotiropoulos vs Pearson,12/15/2012,
Saturday,12/8/2012,FALSE,FALSE,UFC on Fox: Henderson vs. Diaz,12/8/2012,UFC on Fox: Henderson vs. Diaz,12/8/2012,UFC on FOX 5,12/8/2012,,12/8/2012,UFC on Fox: Henderson vs Diaz,12/8/2012,
Saturday,11/17/2012,FALSE,FALSE,UFC 154: St-Pierre vs. Condit,11/17/2012,UFC 154: St-Pierre vs. Condit,11/17/2012,UFC 154 Live on Pay-Per-View,11/17/2012,UFC 154 - St. Pierre vs. Condit,11/17/2012,UFC 154: St-Pierre vs Condit,11/17/2012,
Saturday,11/10/2012,FALSE,FALSE,UFC on Fuel TV: Franklin vs. Le,11/10/2012,UFC on Fuel TV: Franklin vs. Le,11/10/2012,UFC Macao,11/10/2012,,11/10/2012,UFC Macao: Franklin vs Le,11/10/2012,
Saturday,10/13/2012,FALSE,FALSE,UFC 153: Silva vs. Bonnar,10/13/2012,UFC 153: Silva vs. Bonnar,10/13/2012,UFC 153 Live on Pay-Per-View,10/13/2012,UFC 153 - Silva vs. Bonnar,10/13/2012,UFC 153: Silva vs Bonnar,10/13/2012,
Friday,10/5/2012,FALSE,FALSE,UFC on FX: Browne vs. Bigfoot,10/5/2012,UFC on FX: Browne vs. Bigfoot,10/5/2012,UFC on FX 5,10/5/2012,,10/5/2012,UFC on FX: Browne vs Bigfoot,10/5/2012,
Saturday,9/29/2012,FALSE,FALSE,UFC on Fuel TV: Struve vs. Miocic,9/29/2012,UFC on Fuel TV: Struve vs. Miocic,9/29/2012,UFC on FUEL TV 5,9/29/2012,UFC on Fuel TV 5 - Struve vs. Miocic,9/29/2012,UFC on FUEL TV: Struve vs Miocic,9/29/2012,
Saturday,9/22/2012,FALSE,FALSE,UFC 152: Jones vs. Belfort,9/22/2012,UFC 152: Jones vs. Belfort,9/22/2012,UFC 152 Live on Pay-Per-View,9/22/2012,,9/22/2012,UFC 152: Jones vs Belfort,9/22/2012,
Saturday,9/1/2012,FALSE,FALSE,UFC 151: Jones vs. Henderson,9/1/2012,UFC 151: Jones vs. Henderson,9/1/2012,,9/1/2012,,9/1/2012,,9/1/2012,
Saturday,8/11/2012,FALSE,FALSE,UFC 150: Henderson vs. Edgar II,8/11/2012,UFC 150: Henderson vs. Edgar II,8/11/2012,UFC 150 Live on Pay-Per-View,8/11/2012,,8/11/2012,UFC 150: Henderson vs Edgar II,8/11/2012,
Saturday,8/4/2012,FALSE,FALSE,UFC on Fox: Shogun vs. Vera,8/4/2012,UFC on Fox: Shogun vs. Vera,8/4/2012,UFC on FOX 4,8/4/2012,UFC on Fox 4 - Shogun vs. Vera,8/4/2012,UFC on FOX: Shogun vs Vera,8/4/2012,
Saturday,7/21/2012,FALSE,FALSE,UFC 149: Faber vs. Baro,7/21/2012,UFC 149: Faber vs. Baro,7/21/2012,UFC 149 Live on Pay-Per-View,7/21/2012,,7/21/2012,UFC 149: Faber vs Barao,7/21/2012,
Wednesday,7/11/2012,FALSE,FALSE,UFC on Fuel TV: Muoz vs. Weidman,7/11/2012,UFC on Fuel TV: Muoz vs. Weidman,7/11/2012,UFC on FUEL TV 4,7/11/2012,UFC on Fuel TV 4 - Munoz vs. Weidman,7/11/2012,UFC on FUEL TV: Munoz vs Weidman,7/11/2012,
Saturday,7/7/2012,FALSE,FALSE,UFC 148: Silva vs. Sonnen II,7/7/2012,UFC 148: Silva vs. Sonnen II,7/7/2012,UFC 148 Live on Pay-Per-View,7/7/2012,,7/7/2012,UFC 148: Silva vs Sonnen 2,7/7/2012,
Saturday,6/23/2012,FALSE,FALSE,UFC 147: Silva vs. Franklin II,6/23/2012,UFC 147: Silva vs. Franklin II,6/23/2012,UFC 147 Live on Pay-Per-View,6/23/2012,UFC 147 - Silva vs. Franklin 2,6/23/2012,UFC 147: Silva vs Franklin 2,6/23/2012,
Friday,6/22/2012,FALSE,FALSE,UFC on FX: Maynard vs. Guida,6/22/2012,UFC on FX: Maynard vs. Guida,6/22/2012,UFC on FX 4,6/22/2012,,6/22/2012,UFC on FX: Maynard vs Guida,6/22/2012,
Friday,6/8/2012,FALSE,FALSE,UFC on FX: Johnson vs. McCall,6/8/2012,UFC on FX: Johnson vs. McCall,6/8/2012,UFC on FX 3,6/8/2012,UFC on FX 3 - Johnson vs. McCall,6/8/2012,UFC on FX: Johnson vs McCall,6/8/2012,
Friday,6/1/2012,FALSE,FALSE,Ultimate Fighter 15: Live Finale,6/1/2012,Ultimate Fighter 15 !The Ultimate Fighter: Live Finale,6/1/2012,The Ultimate Fighter Live,6/1/2012,,6/1/2012,The Ultimate Fighter LIVE Finale,6/1/2012,
Saturday,5/26/2012,FALSE,FALSE,UFC 146: Dos Santos vs. Mir,5/26/2012,UFC 146: dos Santos vs. Mir,5/26/2012,UFC 146 Live on Pay-per-View,5/26/2012,UFC 146 - Dos Santos vs. Mir,5/26/2012,UFC 146: Dos Santos vs Mir,5/26/2012,
Tuesday,5/15/2012,FALSE,FALSE,UFC on Fuel TV: Korean Zombie vs. Poirier,5/15/2012,UFC on Fuel TV: Korean Zombie vs. Poirier,5/15/2012,UFC on FUEL TV 3,5/15/2012,,5/15/2012,UFC on FUEL TV: Korean Zombie vs Poirier,5/15/2012,
Saturday,5/5/2012,FALSE,FALSE,UFC on Fox: Diaz vs. Miller,5/5/2012,UFC on Fox: Diaz vs. Miller,5/5/2012,UFC on FOX 3,5/5/2012,UFC on Fox 3 - Diaz vs. Miller,5/5/2012,UFC on FOX: Diaz vs Miller,5/5/2012,
Saturday,4/21/2012,FALSE,FALSE,UFC 145: Jones vs. Evans,4/21/2012,UFC 145: Jones vs. Evans,4/21/2012,UFC 145 Live on Pay-Per-View,4/21/2012,,4/21/2012,UFC 145: Jones vs Evans,4/21/2012,
Saturday,4/14/2012,FALSE,FALSE,UFC on Fuel TV: Gustafsson vs. Silva,4/14/2012,UFC on Fuel TV: Gustafsson vs. Silva,4/14/2012,UFC on FUEL TV 2,4/14/2012,UFC on Fuel TV 2 - Gustafsson vs. Silva,4/14/2012,UFC on FUEL TV: Gustafsson vs Silva,4/14/2012,
Friday,3/2/2012,FALSE,FALSE,UFC on FX: Alves vs Kampmann,3/3/2012,UFC on FX: Alves vs. Kampmann,3/2/2012,UFC on FX 2,3/2/2012,,3/2/2012,UFC on FX: Alves vs Kampmann,3/2/2012,UFC on FX 2 Weigh-In Results
Saturday,2/25/2012,FALSE,FALSE,UFC 144: Edgar vs. Henderson,2/26/2012,UFC 144: Edgar vs. Henderson,2/25/2012,UFC 144 Live on Pay-Per-View,2/26/2012,UFC 144 - Edgar vs. Henderson,2/25/2012,UFC 144: Edgar vs Henderson,2/25/2012,
Wednesday,2/15/2012,FALSE,FALSE,UFC on Fuel TV: Sanchez vs. Ellenberger,2/15/2012,UFC on Fuel TV: Sanchez vs. Ellenberger,2/15/2012,UFC on FUEL TV 1,2/15/2012,,2/15/2012,UFC on FUEL TV: Sanchez vs Ellenberger,2/15/2012,
Saturday,2/4/2012,FALSE,FALSE,UFC 143: Diaz vs. Condit,2/4/2012,UFC 143: Diaz vs. Condit,2/4/2012,UFC 143 Live on Pay-Per-View,2/4/2012,UFC 143 - Diaz vs. Condit,2/4/2012,UFC 143: Diaz vs Condit,2/4/2012,
Saturday,1/28/2012,FALSE,FALSE,UFC on Fox: Evans vs. Davis,1/28/2012,UFC on Fox: Evans vs. Davis,1/28/2012,UFC on FOX 2,1/28/2012,,1/28/2012,UFC on FOX: Evans vs Davis,1/28/2012,
Friday,1/20/2012,FALSE,FALSE,UFC on FX: Guillard vs. Miller,1/20/2012,UFC on FX: Guillard vs. Miller,1/20/2012,UFC on FX 1,1/20/2012,UFC on FX - Guillard vs. Miller,1/20/2012,UFC on FX: Guillard vs Miller,1/20/2012,
Saturday,1/14/2012,FALSE,FALSE,UFC 142: Aldo vs. Mendes,1/14/2012,UFC 142: Aldo vs. Mendes,1/14/2012,UFC RIO,1/14/2012,,1/14/2012,UFC 142: Aldo vs Mendes,1/14/2012,
Friday,12/30/2011,FALSE,FALSE,UFC 141: Lesnar vs. Overeem,12/30/2011,UFC 141: Lesnar vs. Overeem,12/30/2011,UFC 141 Live on Pay-Per-View,12/30/2011,UFC 141 - Lesnar vs. Overeem,12/30/2011,UFC 141: Lesnar vs Overeem,12/30/2011,
Saturday,12/10/2011,FALSE,FALSE,UFC 140: Jones vs. Machida,12/10/2011,UFC 140: Jones vs. Machida,12/10/2011,UFC 140 Live on Pay-Per-View,12/10/2011,,12/10/2011,UFC 140: Jones vs Machida,12/10/2011,Jon Jones Smiles at the Haters at UFC 140 Weigh-Ins
Saturday,12/3/2011,FALSE,FALSE,Ultimate Fighter 14: Team Bisping vs. Team Miller Finale,12/3/2011,Ultimate Fighter 14 !The Ultimate Fighter: Team Bisping vs. Team Miller Finale,12/3/2011,The Ultimate Fighter 14 Finale,12/3/2011,UFC - The Ultimate Fighter 14 Finale,12/3/2011,The Ultimate Fighter 14 Finale: Team Bisping vs Team Miller,12/3/2011,Michael Bisping Makes TUF 14 Finale Weigh-Ins a Memorable Affair
,11/19/2011,FALSE,FALSE,UFC 139: Henderson vs. Shogun,11/19/2011,UFC 139: Shogun vs. Henderson,11/19/2011,UFC 139 Live on Pay-Per-View,11/19/2011,,11/19/2011,UFC 139: Shogun vs Henderson,11/19/2011,
Saturday,11/12/2011,FALSE,FALSE,UFC on Fox: Velasquez vs. dos Santos,11/12/2011,UFC on Fox: Velasquez vs. dos Santos,11/12/2011,UFC on Fox 1,11/12/2011,UFC on Fox 1 - Velasquez vs. Dos Santos,11/12/2011,UFC on Fox: Velasquez vs Dos Santos,11/12/2011,
Saturday,11/5/2011,FALSE,FALSE,UFC 138: Leben vs. Muoz,11/5/2011,UFC 138: Leben vs. Muoz,11/5/2011,UFC 138,11/5/2011,,11/5/2011,UFC 138: Leben vs Munoz,11/5/2011,
Saturday,10/29/2011,FALSE,FALSE,UFC 137: Penn vs. Diaz,10/29/2011,UFC 137: Penn vs. Diaz,10/29/2011,UFC 137 Live on Pay-Per-View,10/29/2011,UFC 137 - Penn vs. Diaz,10/29/2011,UFC 137: Penn vs Diaz,10/29/2011,
Saturday,10/8/2011,FALSE,FALSE,UFC 136: Edgar vs. Maynard III,10/8/2011,UFC 136: Edgar vs. Maynard III,10/8/2011,UFC 136 Live on Pay Per View,10/8/2011,,10/8/2011,UFC 136: Edgar vs Maynard 3,10/8/2011,
Saturday,10/1/2011,FALSE,FALSE,UFC Live 5: Cruz vs. Johnson,10/1/2011,UFC Live: Cruz vs. Johnson,10/1/2011,UFC LIVE 6,10/1/2011,UFC Live 6 - Cruz vs. Johnson,10/1/2011,UFC LIVE 6: Cruz vs Johnson,10/1/2011,
Saturday,9/24/2011,FALSE,FALSE,UFC 135: Jones vs. Rampage,9/24/2011,UFC 135: Jones vs. Rampage,9/24/2011,UFC 135 Live on Pay Per View,9/24/2011,,9/24/2011,UFC 135: Jones vs Rampage,9/24/2011,
Saturday,9/17/2011,FALSE,FALSE,UFC Fight Night 25: Shields vs. Ellenberger,9/17/2011,UFC Fight Night 25 !UFC Fight Night: Shields vs. Ellenberger,9/17/2011,UFC Fight Night Live,9/17/2011,UFC Fight Night 25 - Shields vs. Ellenberger,9/17/2011,UFC Fight Night Live: Shields vs Ellenberger,9/17/2011,
Saturday,8/27/2011,FALSE,FALSE,UFC 134: Silva vs. Okami,8/27/2011,UFC 134: Silva vs. Okami,8/27/2011,UFC RIO Live on Pay-Per-View,8/27/2011,,8/27/2011,UFC 134: Silva vs Okami,8/27/2011,
Sunday,8/14/2011,FALSE,FALSE,UFC Live: Hardy vs. Lytle,8/14/2011,UFC Live: Hardy vs. Lytle,8/14/2011,UFC LIVE 5,8/14/2011,UFC Live 5 - Hardy vs. Lytle,8/14/2011,UFC LIVE 5: Hardy vs Lytle,8/14/2011,
Saturday,8/6/2011,FALSE,FALSE,UFC 133: Evans vs. Ortiz,8/6/2011,UFC 133: Evans vs. Ortiz,8/6/2011,UFC 133 Live on Pay-Per-View,8/6/2011,,8/6/2011,UFC 133: Evans vs Ortiz 2,8/6/2011,
Saturday,7/2/2011,FALSE,FALSE,UFC 132: Cruz vs. Faber,7/2/2011,UFC 132: Cruz vs. Faber,7/2/2011,UFC 132,7/2/2011,UFC 132 - Cruz vs. Faber 2,7/2/2011,UFC 132: Cruz vs Faber,7/2/2011,UFC 132 Weigh-In Results
Sunday,6/26/2011,FALSE,FALSE,UFC Live 4: Kongo vs. Barry,6/26/2011,UFC Live: Kongo vs. Barry,6/26/2011,UFC Live on Versus,6/26/2011,,6/26/2011,UFC Live on Versus: Kongo vs Barry,6/26/2011,
Saturday,6/11/2011,FALSE,FALSE,UFC 131: dos Santos vs. Carwin,6/11/2011,UFC 131: dos Santos vs. Carwin,6/11/2011,UFC 131,6/11/2011,UFC 131 - Dos Santos vs. Carwin,6/11/2011,UFC 131: Dos Santos vs Carwin,6/11/2011,
Saturday,6/4/2011,FALSE,FALSE,Ultimate Fighter 13: Team Lesnar vs. Team dos Santos Finale,6/4/2011,Ultimate Fighter 13 !The Ultimate Fighter: Team Lesnar vs. Team dos Santos Finale,6/4/2011,The Ultimate Fighter Finale,6/4/2011,,6/4/2011,The Ultimate Fighter Finale: Team Lesnar vs Team Dos Santos,6/4/2011,
Saturday,5/28/2011,FALSE,FALSE,UFC 130: Rampage vs. Hamill,5/28/2011,UFC 130: Rampage vs. Hamill,5/28/2011,UFC 130,5/28/2011,UFC 130 - Rampage vs. Hamill,5/28/2011,UFC 130: Rampage vs Hamill,5/28/2011,
Saturday,4/30/2011,FALSE,FALSE,UFC 129: St-Pierre vs. Shields,4/30/2011,UFC 129: St-Pierre vs. Shields,4/30/2011,UFC 129,4/30/2011,,4/30/2011,UFC 129: St-Pierre vs Shields,4/30/2011,
Saturday,3/26/2011,FALSE,FALSE,UFC Fight Night 24: Nogueira vs. Davis,3/26/2011,UFC Fight Night 24 !UFC Fight Night: Nogueira vs. Davis,3/26/2011,UFC Fight Night Live,3/26/2011,UFC Fight Night 24 - Nogueira vs. Davis,3/26/2011,UFC Fight Night Live: Nogueira vs Davis,3/26/2011,
Saturday,3/19/2011,FALSE,FALSE,UFC 128: Shogun vs. Jones,3/19/2011,UFC 128: Shogun vs. Jones,3/19/2011,UFC 128,3/19/2011,,3/19/2011,UFC 128: Shogun vs Jones,3/19/2011,
Thursday,3/3/2011,FALSE,FALSE,UFC Live 3: Sanchez vs. Kampmann,3/3/2011,UFC Live: Sanchez vs. Kampmann,3/3/2011,UFC on VERSUS,3/3/2011,UFC Live 3 - Sanchez vs. Kampmann,3/3/2011,UFC on VERSUS: Sanchez vs Kampmann,3/3/2011,UFC on Versus 3 Weigh-In Results
Saturday,2/26/2011,FALSE,FALSE,UFC 127: Penn vs. Fitch,2/27/2011,UFC 127: Penn vs. Fitch,2/26/2011,UFC 127,2/26/2011,,2/26/2011,UFC 127: Penn vs Fitch,2/26/2011,
Saturday,2/5/2011,FALSE,FALSE,UFC 126: Silva vs. Belfort,2/5/2011,UFC 126: Silva vs. Belfort,2/5/2011,UFC 126,2/5/2011,UFC 126 - Silva vs. Belfort,2/5/2011,UFC 126: Silva vs Belfort,2/5/2011,
Saturday,1/22/2011,FALSE,FALSE,UFC Fight Night 23: Fight for the Troops 2,1/22/2011,UFC Fight Night 23 !UFC: Fight for the Troops 2,1/22/2011,UFC Fight for the Troops 2,1/22/2011,,1/22/2011,UFC Fight Night: Fight for the Troops 2,1/22/2011,
Saturday,1/1/2011,FALSE,FALSE,UFC 125: Resolution,1/1/2011,UFC 125: Resolution,1/1/2011,UFC 125,1/1/2011,UFC 125 - Resolution,1/1/2011,UFC 125: Resolution,1/1/2011,
Thursday,12/16/2010,FALSE,FALSE,WEC 53: Henderson vs. Pettis,12/16/2010,,12/16/2010,,12/16/2010,WEC 53 - Henderson vs. Pettis,12/16/2010,,12/16/2010,
Saturday,12/11/2010,FALSE,FALSE,UFC 124: St-Pierre vs. Koscheck 2,12/11/2010,UFC 124: St-Pierre vs. Koscheck 2,12/11/2010,UFC 124,12/11/2010,,12/11/2010,UFC 124: St-Pierre vs Koscheck 2,12/11/2010,
Saturday,12/4/2010,FALSE,FALSE,Ultimate Fighter 12: Team GSP vs. Team Koscheck Finale,12/4/2010,Ultimate Fighter 12 !The Ultimate Fighter: Team GSP vs. Team Koscheck Finale,12/4/2010,The Ultimate Fighter 12,12/4/2010,UFC - The Ultimate Fighter 12 Finale,12/4/2010,The Ultimate Fighter 12: Team GSP vs Team Koscheck,12/4/2010,
Saturday,11/20/2010,FALSE,FALSE,UFC 123: Rampage vs. Machida,11/20/2010,UFC 123: Rampage vs. Machida,11/20/2010,UFC 123,11/20/2010,,11/20/2010,UFC 123: Rampage vs Machida,11/20/2010,
Saturday,11/13/2010,FALSE,FALSE,UFC 122: Marquardt vs. Okami,11/13/2010,UFC 122: Marquardt vs. Okami,11/13/2010,UFC 122,11/13/2010,UFC 122 - Marquardt vs. Okami,11/13/2010,UFC 122: Marquardt vs Okami,11/13/2010,
Saturday,10/23/2010,FALSE,FALSE,UFC 121: Lesnar vs. Velasquez,10/23/2010,UFC 121: Lesnar vs. Velasquez,10/23/2010,UFC 121,10/23/2010,,10/23/2010,UFC 121: Lesnar vs Velasquez,10/23/2010,
Saturday,10/16/2010,FALSE,FALSE,UFC 120: Bisping vs. Akiyama,10/16/2010,UFC 120: Bisping vs. Akiyama,10/16/2010,UFC 120 - Bisping vs Akiyama,10/16/2010,UFC 120 - Bisping vs. Akiyama,10/16/2010,UFC 120: Bisping vs Akiyama,10/16/2010,
Thursday,9/30/2010,FALSE,FALSE,WEC 51: Aldo vs. Gamburyan,9/30/2010,,9/30/2010,,9/30/2010,WEC 51 - Aldo vs. Gamburyan,9/30/2010,,9/30/2010,
Saturday,9/25/2010,FALSE,FALSE,UFC 119: Mir vs. Cro Cop,9/25/2010,UFC 119: Mir vs. Cro Cop,9/25/2010,UFC 119,9/25/2010,,9/25/2010,UFC 119: Mir vs Cro Cop,9/25/2010,
Wednesday,9/15/2010,FALSE,FALSE,UFC Fight Night 22: Marquardt vs. Palhares,9/15/2010,UFC Fight Night 22 !UFC Fight Night: Marquardt vs. Palhares,9/15/2010,UFC Fight Night:,9/15/2010,UFC Fight Night 22 - Marquardt vs. Palhares,9/15/2010,UFC Fight Night: Marquardt vs Palhares,9/15/2010,
Saturday,8/28/2010,FALSE,FALSE,UFC 118: Edgar vs. Penn 2,8/28/2010,UFC 118: Edgar vs. Penn 2,8/28/2010,UFC 118,8/28/2010,,8/28/2010,UFC 118: Edgar vs Penn 2,8/28/2010,
Saturday,8/7/2010,FALSE,FALSE,UFC 117: Silva vs. Sonnen,8/7/2010,UFC 117: Silva vs. Sonnen,8/7/2010,UFC 117,8/7/2010,UFC 117 - Silva vs. Sonnen,8/7/2010,UFC 117: Silva vs Sonnen,8/7/2010,
Sunday,8/1/2010,FALSE,FALSE,UFC Live 2: Jones vs. Matyushenko,8/1/2010,UFC Live: Jones vs. Matyushenko,8/1/2010,UFC LIVE,8/1/2010,,8/1/2010,UFC LIVE: Jones vs Matyushenko,8/1/2010,
Saturday,7/3/2010,FALSE,FALSE,UFC 116: Lesnar vs. Carwin,7/3/2010,UFC 116: Lesnar vs. Carwin,7/3/2010,UFC 116,7/3/2010,UFC 116 - Lesnar vs. Carwin,7/3/2010,UFC 116: Lesnar vs Carwin,7/3/2010,
Sunday,6/20/2010,FALSE,FALSE,WEC 49: Varner vs. Shalorus,6/20/2010,,6/20/2010,,6/20/2010,WEC 49 - Varner vs. Shalorus,6/20/2010,,6/20/2010,
Saturday,6/19/2010,FALSE,FALSE,Ultimate Fighter 11: Team Liddell vs. Team Ortiz Finale,6/19/2010,Ultimate Fighter 11 !The Ultimate Fighter: Team Liddell vs. Team Ortiz Finale,6/19/2010,The Ultimate Fighter FINALE,6/19/2010,,6/19/2010,The Ultimate Fighter FINALE: Team Liddell vs Team Ortiz,6/19/2010,
Saturday,6/12/2010,FALSE,FALSE,UFC 115: Liddell vs. Franklin,6/12/2010,UFC 115: Liddell vs. Franklin,6/12/2010,UFC 115,6/12/2010,UFC 115 - Liddell vs. Franklin,6/12/2010,UFC 115: Liddell vs Franklin,6/12/2010,
Saturday,5/29/2010,FALSE,FALSE,UFC 114: Rampage vs. Evans,5/29/2010,UFC 114: Rampage vs. Evans,5/29/2010,UFC 114,5/29/2010,,5/29/2010,UFC 114: Rampage vs Evans,5/29/2010,
Saturday,5/8/2010,FALSE,FALSE,UFC 113: Machida vs. Shogun 2,5/8/2010,UFC 113: Machida vs. Shogun 2,5/8/2010,UFC 113,5/8/2010,UFC 113 - Machida vs. Shogun 2,5/8/2010,UFC 113: Machida vs Shogun 2,5/8/2010,
Saturday,4/10/2010,FALSE,FALSE,UFC 112: Invincible,4/10/2010,UFC 112: Invincible,4/10/2010,,4/10/2010,,4/10/2010,UFC 112: Invincible,4/10/2010,
Wednesday,3/31/2010,FALSE,FALSE,UFC Fight Night 21: Florian vs. Gomi,3/31/2010,UFC Fight Night 21 !UFC Fight Night: Florian vs. Gomi,3/31/2010,UFC Fight Night 21,3/31/2010,UFC Fight Night 21 - Florian vs. Gomi,3/31/2010,UFC Fight Night: Florian vs Gomi,3/31/2010,
Saturday,3/27/2010,FALSE,FALSE,UFC 111: St-Pierre vs. Hardy,3/27/2010,UFC 111: St-Pierre vs. Hardy,3/27/2010,UFC 111,3/27/2010,,3/27/2010,UFC 111: St-Pierre vs Hardy,3/27/2010,
Sunday,3/21/2010,FALSE,FALSE,UFC Live 1: Vera vs. Jones,3/21/2010,UFC Live: Vera vs. Jones,3/21/2010,UFC on Versus,3/21/2010,UFC Live 1 - Vera vs. Jones,3/21/2010,UFC on Versus: Vera vs Jones,3/21/2010,"Dana White Separates Jon Jones, Brandon Vera"
Saturday,3/6/2010,FALSE,FALSE,WEC 47: Bowles vs. Cruz,3/6/2010,,3/6/2010,,3/6/2010,WEC 47 - Bowles vs. Cruz,3/6/2010,,3/6/2010,
Saturday,2/20/2010,FALSE,FALSE,UFC 110: Nogueira vs. Velasquez,2/21/2010,UFC 110: Nogueira vs. Velasquez,2/20/2010,UFC 110,2/20/2010,,2/20/2010,UFC 110: Nogueira vs Velasquez,2/20/2010,
Saturday,2/6/2010,FALSE,FALSE,UFC 109: Relentless,2/6/2010,UFC 109: Relentless,2/6/2010,UFC 109,2/6/2010,UFC 109 - Relentless,2/6/2010,UFC 109: Relentless,2/6/2010,
Monday,1/11/2010,FALSE,FALSE,UFC Fight Night 20: Maynard vs. Diaz,1/11/2010,UFC Fight Night 20 !UFC Fight Night: Maynard vs. Diaz,1/11/2010,UFC Fight Night,1/11/2010,,1/11/2010,UFC Fight Night: Maynard vs Diaz,1/11/2010,
Saturday,1/2/2010,FALSE,FALSE,UFC 108: Evans vs. Silva,1/2/2010,UFC 108: Evans vs. Silva,1/2/2010,UFC 108,1/2/2010,UFC 108 - Evans vs. Silva,1/2/2010,UFC 108: Evans vs Silva,1/2/2010,UFC 108 Weigh-In Results: Paul Daley Comes In Over
Saturday,12/19/2009,FALSE,FALSE,WEC 45: Cerrone vs. Ratcliff,12/19/2009,,12/19/2009,,12/19/2009,WEC 45 - Cerrone vs. Ratcliff,12/19/2009,,12/19/2009,
Saturday,12/12/2009,FALSE,FALSE,UFC 107: Penn vs. Sanchez,12/12/2009,UFC 107: Penn vs. Sanchez,12/12/2009,UFC 107,12/12/2009,,12/12/2009,UFC 107: Penn vs Sanchez,12/12/2009,
Saturday,12/5/2009,FALSE,FALSE,Ultimate Fighter 10: Heavyweights Finale,12/5/2009,Ultimate Fighter 10 !The Ultimate Fighter: Heavyweights Finale,12/5/2009,The Ultimate Fighter,12/5/2009,UFC - The Ultimate Fighter 10 Finale,12/5/2009,The Ultimate Fighter: Heavyweights Finale,12/5/2009,
Saturday,11/21/2009,FALSE,FALSE,UFC 106: Ortiz vs. Griffin 2,11/21/2009,UFC 106: Ortiz vs. Griffin 2,11/21/2009,UFC 106,11/21/2009,,11/21/2009,UFC 106: Ortiz vs Griffin 2,11/21/2009,
Saturday,11/14/2009,FALSE,FALSE,UFC 105: Couture vs. Vera,11/14/2009,UFC 105: Couture vs. Vera,11/14/2009,UFC 105,11/14/2009,UFC 105 - Couture vs. Vera,11/14/2009,UFC 105: Couture vs Vera,11/14/2009,
Saturday,10/24/2009,FALSE,FALSE,UFC 104: Machida vs. Shogun,10/24/2009,UFC 104: Machida vs. Shogun,10/24/2009,UFC 104,10/24/2009,,10/24/2009,UFC 104: Machida vs Shogun,10/24/2009,
Saturday,10/10/2009,FALSE,FALSE,WEC 43: Cerrone vs. Henderson,10/10/2009,,10/10/2009,,10/10/2009,WEC 43 - Cerrone vs. Henderson,10/10/2009,,10/10/2009,
Saturday,9/19/2009,FALSE,FALSE,UFC 103: Franklin vs. Belfort,9/19/2009,UFC 103: Franklin vs. Belfort,9/19/2009,UFC 103,9/19/2009,UFC 103 - Franklin vs. Belfort,9/19/2009,UFC 103: Franklin vs Belfort,9/19/2009,
Wednesday,9/16/2009,FALSE,FALSE,UFC Fight Night 19: Diaz vs. Guillard,9/16/2009,UFC Fight Night 19 !UFC Fight Night: Diaz vs. Guillard,9/16/2009,UFC Fight Night,9/16/2009,,9/16/2009,UFC Fight Night: Diaz vs Guillard,9/16/2009,
Saturday,8/29/2009,FALSE,FALSE,UFC 102: Couture vs. Nogueira,8/29/2009,UFC 102: Couture vs. Nogueira,8/29/2009,UFC 102,8/29/2009,UFC 102 - Couture vs. Nogueira,8/29/2009,UFC 102: Couture vs Nogueira,8/29/2009,
Saturday,8/8/2009,FALSE,FALSE,UFC 101: Declaration,8/8/2009,UFC 101: Declaration,8/8/2009,UFC 101,8/8/2009,,8/8/2009,UFC 101: Declaration,8/8/2009,
Saturday,7/11/2009,FALSE,FALSE,UFC 100: Lesnar vs. Mir 2,7/11/2009,UFC 100,7/11/2009,UFC 100,7/11/2009,UFC 100 - Lesnar vs. Mir 2,7/11/2009,UFC 100,7/11/2009,
Saturday,6/20/2009,FALSE,FALSE,Ultimate Fighter 9: United States vs. United Kingdom Finale,6/20/2009,Ultimate Fighter 09 !The Ultimate Fighter: United States vs. United Kingdom Finale,6/20/2009,The Ultimate Fighter,6/20/2009,,6/20/2009,The Ultimate Fighter: Team US vs Team UK Finale,6/20/2009,
Saturday,6/13/2009,FALSE,FALSE,UFC 99: The Comeback,6/13/2009,UFC 099 !UFC 99: The Comeback,6/13/2009,UFC 99,6/13/2009,UFC 99 - The Comeback,6/13/2009,UFC 99: The Comeback,6/13/2009,
Sunday,6/7/2009,FALSE,FALSE,WEC 41: Brown vs. Faber 2,6/7/2009,,6/7/2009,,6/7/2009,WEC 41 - Brown vs. Faber 2,6/7/2009,,6/7/2009,
Saturday,5/23/2009,FALSE,FALSE,UFC 98: Evans vs. Machida,5/23/2009,UFC 098 !UFC 98: Evans vs. Machida,5/23/2009,UFC 98,5/23/2009,,5/23/2009,UFC 98: Evans vs Machida,5/23/2009,
Saturday,4/18/2009,FALSE,FALSE,UFC 97: Redemption,4/18/2009,UFC 097 !UFC 97: Redemption,4/18/2009,UFC 97,4/18/2009,UFC 97 - Redemption,4/18/2009,UFC 97: Redemption,4/18/2009,
Wednesday,4/1/2009,FALSE,FALSE,UFC Fight Night 18: Condit vs. Kampmann,4/1/2009,UFC Fight Night 18 !UFC Fight Night: Condit vs. Kampmann,4/1/2009,UFC Fight Night,4/1/2009,,4/1/2009,UFC Fight Night: Condit vs Kampmann,4/1/2009,
Saturday,3/7/2009,FALSE,FALSE,UFC 96: Jackson vs. Jardine,3/7/2009,UFC 096 !UFC 96: Jackson vs. Jardine,3/7/2009,UFC 96,3/7/2009,UFC 96 - Jackson vs. Jardine,3/7/2009,UFC 96: Jackson vs Jardine,3/7/2009,
Saturday,2/21/2009,FALSE,FALSE,UFC 95: Sanchez vs. Stevenson,2/21/2009,UFC 095 !UFC 95: Sanchez vs. Stevenson,2/21/2009,UFC 95,2/21/2009,,2/21/2009,UFC 95: Sanchez vs Stevenson,2/21/2009,
Saturday,2/7/2009,FALSE,FALSE,UFC Fight Night 17: Lauzon vs. Stephens,2/7/2009,UFC Fight Night 17 !UFC Fight Night: Lauzon vs. Stephens,2/7/2009,UFC Fight Night,2/7/2009,UFC Fight Night 17 - Lauzon vs. Stephens,2/7/2009,UFC Fight Night: Lauzon vs Stephens,2/7/2009,
Saturday,1/31/2009,FALSE,FALSE,UFC 94: St-Pierre vs. Penn 2,1/31/2009,UFC 094 !UFC 94: St-Pierre vs. Penn 2,1/31/2009,UFC 94,1/31/2009,,1/31/2009,UFC 94: St-Pierre vs Penn 2,1/31/2009,
Saturday,1/17/2009,FALSE,FALSE,UFC 93: Franklin vs. Henderson,1/17/2009,UFC 093 !UFC 93: Franklin vs. Henderson,1/17/2009,UFC 93,1/17/2009,UFC 93 - Franklin vs. Henderson,1/17/2009,UFC 93: Franklin vs Henderson,1/17/2009,
Saturday,12/27/2008,FALSE,FALSE,UFC 92: The Ultimate 2008,12/27/2008,UFC 092 !UFC 92: The Ultimate 2008,12/27/2008,UFC 92,12/27/2008,,12/27/2008,UFC 92: The Ultimate 2008,12/27/2008,
Saturday,12/13/2008,FALSE,FALSE,Ultimate Fighter 8: Team Nogueira vs. Team Mir Finale,12/13/2008,Ultimate Fighter 08 !The Ultimate Fighter: Team Nogueira vs. Team Mir Finale,12/13/2008,The Ultimate Fighter Finale,12/13/2008,UFC - The Ultimate Fighter 8 Finale,12/13/2008,The Ultimate Fighter Finale: Team Nog vs Team Mir,12/13/2008,
Wednesday,12/10/2008,FALSE,FALSE,UFC Fight Night 16: Fight for the Troops,12/10/2008,UFC Fight Night 16 !UFC: Fight for the Troops,12/10/2008,UFC Fight Night,12/10/2008,,12/10/2008,UFC Fight Night - Fight for the Troops,12/10/2008,
Saturday,11/15/2008,FALSE,FALSE,UFC 91: Couture vs. Lesnar,11/15/2008,UFC 091 !UFC 91: Couture vs. Lesnar,11/15/2008,UFC 91,11/15/2008,UFC 91 - Couture vs. Lesnar,11/15/2008,UFC 91: Couture vs Lesnar,11/15/2008,
Saturday,10/25/2008,FALSE,FALSE,UFC 90: Silva vs. Ct,10/25/2008,UFC 090 !UFC 90: Silva vs. Ct,10/25/2008,UFC 90,10/25/2008,,10/25/2008,UFC 90: Silva vs Cote,10/25/2008,
Saturday,10/18/2008,FALSE,FALSE,UFC 89: Bisping vs. Leben,10/18/2008,UFC 089 !UFC 89: Bisping vs. Leben,10/18/2008,UFC 89,10/18/2008,UFC 89 - Bisping vs. Leben,10/18/2008,UFC 89: Bisping vs Leben,10/18/2008,
Wednesday,9/17/2008,FALSE,FALSE,UFC Fight Night 15: Diaz vs. Neer,9/17/2008,UFC Fight Night 15 !UFC Fight Night: Diaz vs. Neer,9/17/2008,UFC Fight Night,9/17/2008,,9/17/2008,UFC Fight Night: Diaz vs Neer,9/17/2008,
Saturday,9/6/2008,FALSE,FALSE,UFC 88: Breakthrough,9/6/2008,UFC 088 !UFC 88: Breakthrough,9/6/2008,UFC 88,9/6/2008,UFC 88 - Breakthrough,9/6/2008,UFC 88: Breakthrough,9/6/2008,
Saturday,8/9/2008,FALSE,FALSE,UFC 87: Seek and Destroy,8/9/2008,UFC 087 !UFC 87: Seek and Destroy,8/9/2008,UFC 87,8/9/2008,,8/9/2008,UFC 87: Seek And Destroy,8/9/2008,
Saturday,7/19/2008,FALSE,FALSE,UFC Fight Night 14: Silva vs. Irvin,7/19/2008,UFC Fight Night 14 !UFC Fight Night: Silva vs. Irvin,7/19/2008,UFC Fight Night,7/19/2008,UFC Fight Night 14 - Silva vs. Irvin,7/19/2008,UFC: Silva vs Irvin,7/19/2008,
Saturday,7/5/2008,FALSE,FALSE,UFC 86: Jackson vs. Griffin,7/5/2008,UFC 086 !UFC 86: Jackson vs. Griffin,7/5/2008,UFC 86,7/5/2008,,7/5/2008,UFC 86: Jackson vs Griffin,7/5/2008,
Saturday,6/21/2008,FALSE,FALSE,Ultimate Fighter 7: Team Rampage vs. Team Forrest Finale,6/21/2008,Ultimate Fighter 07 !The Ultimate Fighter: Team Rampage vs. Team Forrest Finale,6/21/2008,The Ultimate Fighter Finale,6/21/2008,UFC - The Ultimate Fighter 7 Finale,6/21/2008,The Ultimate Fighter Finale: Team Rampage vs Team Forrest,6/21/2008,
Saturday,6/7/2008,FALSE,FALSE,UFC 85: Bedlam,6/7/2008,UFC 085 !UFC 85: Bedlam,6/7/2008,UFC 85,6/7/2008,,6/7/2008,UFC 85: Bedlam,6/7/2008,
Saturday,5/24/2008,FALSE,FALSE,UFC 84: Ill Will,5/24/2008,UFC 084 !UFC 84: Ill Will,5/24/2008,UFC 84,5/24/2008,UFC 84 - Ill Will,5/24/2008,UFC 84: Ill Will,5/24/2008,
Saturday,4/19/2008,FALSE,FALSE,UFC 83: Serra vs. St-Pierre 2,4/19/2008,UFC 083 !UFC 83: Serra vs. St-Pierre 2,4/19/2008,UFC 83,4/19/2008,,4/19/2008,UFC 83: Serra vs St-Pierre 2,4/19/2008,
Wednesday,4/2/2008,FALSE,FALSE,UFC Fight Night 13: Florian vs. Lauzon,4/2/2008,UFC Fight Night 13 !UFC Fight Night: Florian vs. Lauzon,4/2/2008,UFC Fight Night,4/2/2008,UFC Fight Night 13 - Florian vs. Lauzon,4/2/2008,UFC Fight Night: Florian vs Lauzon,4/2/2008,
Saturday,3/1/2008,FALSE,FALSE,UFC 82: Pride of a Champion,3/1/2008,UFC 082 !UFC 82: Pride of a Champion,3/1/2008,UFC 82,3/1/2008,,3/1/2008,UFC 82: Pride of a Champion,3/1/2008,
Saturday,2/2/2008,FALSE,FALSE,UFC 81: Breaking Point,2/2/2008,UFC 081 !UFC 81: Breaking Point,2/2/2008,UFC 81,2/2/2008,UFC 81 - Breaking Point,2/2/2008,UFC 81: Breaking Point,2/2/2008,
Wednesday,1/23/2008,FALSE,FALSE,UFC Fight Night 12: Swick vs. Burkman,1/23/2008,UFC Fight Night 12 !UFC Fight Night: Swick vs. Burkman,1/23/2008,UFC Fight Night,1/23/2008,,1/23/2008,UFC Fight Night: Swick vs Burkman,1/23/2008,
Saturday,1/19/2008,FALSE,FALSE,UFC 80: Rapid Fire,1/19/2008,UFC 080 !UFC 80: Rapid Fire,1/19/2008,UFC 80,1/19/2008,UFC 80 - Rapid Fire,1/19/2008,UFC 80: Rapid Fire,1/19/2008,
Saturday,12/29/2007,FALSE,FALSE,UFC 79: Nemesis,12/29/2007,UFC 079 !UFC 79: Nemesis,12/29/2007,UFC 79,12/29/2007,,12/29/2007,UFC 79: Nemesis,12/29/2007,
Saturday,12/8/2007,FALSE,FALSE,Ultimate Fighter 6: Team Hughes vs. Team Serra Finale,12/8/2007,Ultimate Fighter 06 !The Ultimate Fighter: Team Hughes vs. Team Serra Finale,12/9/2007,The Ultimate Fighter,12/8/2007,UFC - The Ultimate Fighter 6 Finale,12/8/2007,The Ultimate Fighter: Team Serra vs Team Hughes Finale,12/8/2007,
Saturday,11/17/2007,FALSE,FALSE,UFC 78: Validation,11/17/2007,UFC 078 !UFC 78: Validation,11/17/2007,UFC 78,11/17/2007,,11/17/2007,UFC 78: Validation,11/17/2007,
Saturday,10/20/2007,FALSE,FALSE,UFC 77: Hostile Territory,10/20/2007,UFC 077 !UFC 77: Hostile Territory,10/20/2007,UFC 77,10/20/2007,UFC 77 - Hostile Territory,10/20/2007,UFC 77: Hostile Territory,10/20/2007,
Saturday,9/22/2007,FALSE,FALSE,UFC 76: Knockout,9/22/2007,UFC 076 !UFC 76: Knockout,9/22/2007,UFC 76,9/22/2007,,9/22/2007,UFC 76: Knockout,9/22/2007,
Wednesday,9/19/2007,FALSE,FALSE,UFC Fight Night 11: Thomas vs. Florian,9/19/2007,UFC Fight Night 11 !UFC Fight Night: Thomas vs. Florian,9/19/2007,UFC Fight Night,9/19/2007,UFC Fight Night 11 - Thomas vs. Florian,9/19/2007,UFC Fight Night: Thomas vs Florian,9/19/2007,
Saturday,9/8/2007,FALSE,FALSE,UFC 75: Champion vs. Champion,9/8/2007,UFC 075 !UFC 75: Champion vs. Champion,9/8/2007,UFC 75,9/8/2007,,9/8/2007,UFC 75: Champion vs Champion,9/8/2007,
Saturday,8/25/2007,FALSE,FALSE,UFC 74: Respect,8/25/2007,UFC 074 !UFC 74: Respect,8/25/2007,UFC 74,8/25/2007,UFC 74 - Respect,8/25/2007,UFC 74: Respect,8/25/2007,
Saturday,7/7/2007,FALSE,FALSE,UFC 73: Stacked,7/7/2007,UFC 073 !UFC 73: Stacked,7/7/2007,UFC 73,7/7/2007,,7/7/2007,UFC 73: Stacked,7/7/2007,
Saturday,6/23/2007,FALSE,FALSE,Ultimate Fighter 5: Team Pulver vs. Team Penn Finale,6/23/2007,Ultimate Fighter 05 !The Ultimate Fighter: Team Pulver vs. Team Penn Finale,6/23/2007,The Ultimate Fighter 5,6/23/2007,UFC - The Ultimate Fighter 5 Finale,6/23/2007,The Ultimate Fighter 5 Finale,6/23/2007,
Saturday,6/16/2007,FALSE,FALSE,UFC 72: Victory,6/16/2007,UFC 072 !UFC 72: Victory,6/16/2007,UFC 72,6/16/2007,,6/16/2007,UFC 72: Victory,6/16/2007,
Tuesday,6/12/2007,FALSE,FALSE,UFC Fight Night 10: Stout vs. Fisher,6/12/2007,UFC Fight Night 10 !UFC Fight Night: Stout vs. Fisher,6/12/2007,UFC Fight Night,6/12/2007,UFC Fight Night 10 - Stout vs. Fisher 2,6/12/2007,UFC Fight Night: Stout vs Fisher,6/12/2007,
Saturday,5/26/2007,FALSE,FALSE,UFC 71: Liddell vs. Jackson,5/26/2007,UFC 071 !UFC 71: Liddell vs. Jackson,5/27/2007,UFC 71,5/26/2007,,5/26/2007,UFC 71: Liddell vs Jackson,5/26/2007,
Saturday,4/21/2007,FALSE,FALSE,UFC 70: Nations Collide,4/21/2007,UFC 070 !UFC 70: Nations Collide,4/21/2007,UFC 70,4/21/2007,UFC 70 - Nations Collide,4/21/2007,UFC 70: Nations Collide,4/21/2007,
Saturday,4/7/2007,FALSE,FALSE,UFC 69: Shootout,4/7/2007,UFC 069 !UFC 69: Shootout,4/7/2007,UFC 69,4/7/2007,,4/7/2007,UFC 69: Shootout,4/7/2007,
Thursday,4/5/2007,FALSE,FALSE,UFC Fight Night 9: Stevenson vs. Guillard,4/5/2007,UFC Fight Night 09 !UFC Fight Night: Stevenson vs. Guillard,4/5/2007,UFC Fight Night,4/5/2007,UFC Fight Night 9 - Stevenson vs. Guillard,4/5/2007,UFC Fight Night: Stevenson vs Guillard,4/5/2007,
Saturday,3/3/2007,FALSE,FALSE,UFC 68: The Uprising,3/3/2007,UFC 068 !UFC 68: The Uprising,3/3/2007,UFC 68,3/3/2007,,3/3/2007,UFC 68: The Uprising,3/3/2007,
Saturday,2/3/2007,FALSE,FALSE,UFC 67: All or Nothing,2/3/2007,UFC 067 !UFC 67: All or Nothing,2/3/2007,UFC 67,2/3/2007,UFC 67 - All or Nothing,2/3/2007,UFC 67: All or Nothing,2/3/2007,
Thursday,1/25/2007,FALSE,FALSE,UFC Fight Night 8: Evans vs. Salmon,1/25/2007,UFC Fight Night 08 !UFC Fight Night: Evans vs. Salmon,1/25/2007,UFC Fight Night,1/25/2007,,1/25/2007,UFC Fight Night: Evans vs Salmon,1/25/2007,
Saturday,12/30/2006,FALSE,FALSE,UFC 66: Liddell vs. Ortiz,12/30/2006,UFC 066 !UFC 66: Liddell vs. Ortiz,12/30/2006,UFC 66,12/30/2006,UFC 66 - Liddell vs. Ortiz 2,12/30/2006,UFC 66: Liddell vs Ortiz 2,12/30/2006,
Wednesday,12/13/2006,FALSE,FALSE,UFC Fight Night 7: Sanchez vs. Riggs,12/13/2006,UFC Fight Night 07 !UFC Fight Night: Sanchez vs. Riggs,12/13/2006,UFC Fight Night,12/13/2006,,12/13/2006,UFC Fight Night: Sanchez vs Riggs,12/13/2006,
Saturday,11/18/2006,FALSE,FALSE,UFC 65: Bad Intentions,11/18/2006,UFC 065 !UFC 65: Bad Intentions,11/18/2006,UFC 65,11/18/2006,UFC 65 - Bad Intentions,11/18/2006,UFC 65: Bad Intentions,11/18/2006,
Saturday,11/11/2006,FALSE,FALSE,Ultimate Fighter 4: The Comeback Finale,11/11/2006,Ultimate Fighter 04 !The Ultimate Fighter: The Comeback Finale,11/11/2006,The Ultimate Fighter 4,11/11/2006,,11/11/2006,The Ultimate Fighter 4 Finale,11/11/2006,
Saturday,10/14/2006,FALSE,FALSE,UFC 64: Unstoppable,10/14/2006,UFC 064 !UFC 64: Unstoppable,10/14/2006,UFC 64,10/14/2006,UFC 64 - Unstoppable,10/14/2006,UFC 64: Unstoppable,10/14/2006,
Tuesday,10/10/2006,FALSE,FALSE,UFC Fight Night 6.5: Ortiz vs. Shamrock 3: The Final Chapter,10/10/2006,UFC Fight Night 06.5 !UFC: Ortiz vs. Shamrock 3: The Final Chapter,10/10/2006,Ortiz vs Shamrock 3,10/10/2006,,10/10/2006,Ortiz vs Shamrock 3: The Final Chapter,10/10/2006,
Saturday,9/23/2006,FALSE,FALSE,UFC 63: Hughes vs. Penn,9/23/2006,UFC 063 !UFC 63: Hughes vs. Penn,9/23/2006,UFC 63,9/23/2006,UFC 63 - Hughes vs. Penn 2,9/23/2006,UFC 63: Hughes vs Penn,9/23/2006,
,8/26/2006,FALSE,FALSE,UFC 62: Liddell vs. Babalu,8/26/2006,UFC 062 !UFC 62: Liddell vs. Sobral,8/26/2006,UFC 62,8/26/2006,,8/26/2006,UFC 62: Liddell vs Sobral,8/26/2006,
Thursday,8/17/2006,FALSE,FALSE,UFC Fight Night 6,8/17/2006,UFC Fight Night 06 !UFC Fight Night 6,8/17/2006,UFC Fight Night,8/17/2006,UFC Fight Night 6 - Sanchez vs. Parisyan,8/17/2006,UFC Fight Night 6,8/17/2006,
Saturday,7/8/2006,FALSE,FALSE,UFC 61: Bitter Rivals,7/8/2006,UFC 061 !UFC 61: Bitter Rivals,7/8/2006,UFC 61,7/8/2006,,7/8/2006,UFC 61: Bitter Rivals,7/8/2006,
Wednesday,6/28/2006,FALSE,FALSE,UFC Fight Night 5,6/28/2006,UFC Fight Night 05 !UFC Fight Night 5,6/28/2006,UFC Fight Night,6/28/2006,UFC Fight Night 5 - Leben vs. Silva,6/28/2006,UFC Fight Night 5,6/28/2006,
Saturday,6/24/2006,FALSE,FALSE,Ultimate Fighter 3: Team Ortiz vs. Team Shamrock Finale,6/24/2006,Ultimate Fighter 03 !The Ultimate Fighter: Team Ortiz vs. Team Shamrock Finale,6/24/2006,The Ultimate Fighter 3,6/24/2006,,6/24/2006,The Ultimate Fighter 3 Finale,6/24/2006,
Saturday,5/27/2006,FALSE,FALSE,UFC 60: Hughes vs. Gracie,5/27/2006,UFC 060 !UFC 60: Hughes vs. Gracie,5/27/2006,UFC 60,5/27/2006,UFC 60 - Hughes vs. Gracie,5/27/2006,UFC 60: Hughes vs Gracie,5/27/2006,
Saturday,4/15/2006,FALSE,FALSE,UFC 59: Reality Check,4/15/2006,UFC 059 !UFC 59: Reality Check,4/15/2006,UFC 59,4/15/2006,,4/15/2006,UFC 59: Reality Check,4/15/2006,
Thursday,4/6/2006,FALSE,FALSE,UFC Fight Night 4,4/6/2006,UFC Fight Night 04 !UFC Fight Night 4,4/6/2006,UFC Fight Night,4/6/2006,UFC Fight Night 4 - Bonnar vs. Jardine,4/6/2006,UFC Fight Night 4,4/6/2006,
Saturday,3/4/2006,FALSE,FALSE,UFC 58: USA vs. Canada,3/4/2006,UFC 058 !UFC 58: USA vs. Canada,3/4/2006,UFC 58,3/4/2006,,3/4/2006,UFC 58: USA vs Canada,3/4/2006,
Saturday,2/4/2006,FALSE,FALSE,UFC 57: Liddell vs. Couture 3,2/4/2006,UFC 057 !UFC 57: Liddell vs. Couture 3,2/4/2006,UFC 57,2/4/2006,UFC 57 - Liddell vs. Couture 3,2/4/2006,UFC 57: Liddell vs Couture 3,2/4/2006,
Monday,1/16/2006,FALSE,FALSE,UFC Fight Night 3,1/16/2006,UFC Fight Night 03 !UFC Fight Night 3,1/16/2006,UFC Fight Night,1/16/2006,,1/16/2006,UFC Fight Night 3,1/16/2006,
Saturday,11/19/2005,FALSE,FALSE,UFC 56: Full Force,11/19/2005,UFC 056 !UFC 56: Full Force,11/19/2005,UFC 56,11/19/2005,UFC 56 - Full Force,11/19/2005,UFC 56: Full Force,11/19/2005,
Saturday,11/5/2005,FALSE,FALSE,Ultimate Fighter 02 The Ultimate Fighter: Team Hughes vs. Team Franklin Finale,11/5/2005,Ultimate Fighter 02 !The Ultimate Fighter: Team Hughes vs. Team Franklin Finale,11/5/2005,The Ultimate Fighter 2,11/5/2005,,11/5/2005,The Ultimate Fighter 2 Finale,11/5/2005,
Friday,10/7/2005,FALSE,FALSE,UFC 55: Fury,10/7/2005,UFC 055 !UFC 55: Fury,10/7/2005,UFC 55,10/7/2005,UFC 55 - Fury,10/7/2005,UFC 55: Fury,10/7/2005,
Monday,10/3/2005,FALSE,FALSE,UFC Fight Night 2,10/3/2005,UFC Fight Night 02 !UFC Fight Night 2,10/3/2005,UFC Fight Night,10/3/2005,,10/3/2005,UFC Fight Night 2,10/3/2005,
Saturday,8/20/2005,FALSE,FALSE,UFC 54: Boiling Point,8/20/2005,UFC 054 !UFC 54: Boiling Point,8/20/2005,UFC 54,8/20/2005,UFC 54 - Boiling Point,8/20/2005,UFC 54: Boiling Point,8/20/2005,
Saturday,8/6/2005,FALSE,FALSE,UFC Fight Night 1,8/6/2005,UFC Fight Night 01 !UFC Fight Night,8/6/2005,UFC Fight Night,8/6/2005,,8/6/2005,UFC Fight Night 1,8/6/2005,
Saturday,6/4/2005,FALSE,FALSE,UFC 53: Heavy Hitters,6/4/2005,UFC 053 !UFC 53: Heavy Hitters,6/4/2005,UFC 53,6/4/2005,UFC 53 - Heavy Hitters,6/4/2005,UFC 53: Heavy Hitters,6/4/2005,
Saturday,4/16/2005,FALSE,FALSE,UFC 52: Couture vs. Liddell,4/16/2005,UFC 052 !UFC 52: Couture vs. Liddell,4/16/2005,UFC 52,4/16/2005,,4/16/2005,UFC 52: Couture vs Liddell 2,4/16/2005,
Saturday,4/9/2005,FALSE,FALSE,Ultimate Fighter 01 The Ultimate Fighter: Team Couture vs. Team Liddell Finale,4/9/2005,Ultimate Fighter 01 !The Ultimate Fighter: Team Couture vs. Team Liddell Finale,4/9/2005,The Ultimate Fighter 1,4/9/2005,UFC - The Ultimate Fighter 1 Finale,4/9/2005,The Ultimate Fighter 1 Finale,4/9/2005,
Saturday,2/5/2005,FALSE,FALSE,UFC 51: Super Saturday,2/5/2005,UFC 051 !UFC 51: Super Saturday,2/5/2005,UFC 51,2/5/2005,,2/5/2005,UFC 51: Super Saturday,2/5/2005,
Friday,10/22/2004,FALSE,FALSE,UFC 50: The War of '04,10/22/2004,UFC 050 !UFC 50: The War of '04,10/22/2004,UFC 50,10/22/2004,UFC 50 - The War of '04,10/22/2004,UFC 50: The War Of '04,10/22/2004,
Saturday,8/21/2004,FALSE,FALSE,UFC 49: Unfinished Business,8/21/2004,UFC 049 !UFC 49: Unfinished Business,8/21/2004,UFC 49,8/21/2004,,8/21/2004,UFC 49: Unfinished Business,8/21/2004,
Saturday,6/19/2004,FALSE,FALSE,UFC 48: Payback,6/19/2004,UFC 048 !UFC 48: Payback,6/19/2004,UFC 48,6/19/2004,UFC 48 - Payback,6/19/2004,UFC 48: Payback,6/19/2004,
Friday,4/2/2004,FALSE,FALSE,UFC 47: It's On!,4/2/2004,UFC 047 !UFC 47: It's On!,4/2/2004,UFC 47,4/2/2004,,4/2/2004,UFC 47: It's On!,4/2/2004,
Saturday,1/31/2004,FALSE,FALSE,UFC 46: Supernatural,1/31/2004,UFC 046 !UFC 46: Supernatural,1/31/2004,UFC 46,1/31/2004,UFC 46 - Supernatural,1/31/2004,UFC 46: Supernatural,1/31/2004,
Friday,11/21/2003,FALSE,FALSE,UFC 45: Revolution,11/21/2003,UFC 045 !UFC 45: Revolution,11/21/2003,UFC 45,11/21/2003,,11/21/2003,UFC 45: Revolution,11/21/2003,
Friday,9/26/2003,FALSE,FALSE,UFC 44: Undisputed,9/26/2003,UFC 044 !UFC 44: Undisputed,9/26/2003,UFC 44,9/26/2003,UFC 44 - Undisputed,9/26/2003,UFC 44: Undisputed,9/26/2003,
Friday,6/6/2003,FALSE,FALSE,UFC 43: Meltdown,6/6/2003,UFC 043 !UFC 43: Meltdown,6/6/2003,UFC 43,6/6/2003,,6/6/2003,UFC 43: Meltdown,6/6/2003,
Friday,4/25/2003,FALSE,FALSE,UFC 42: Sudden Impact,4/25/2003,UFC 042 !UFC 42: Sudden Impact,4/25/2003,UFC 42,4/25/2003,UFC 42 - Sudden Impact,4/25/2003,UFC 42: Sudden Impact,4/25/2003,
Friday,2/28/2003,FALSE,FALSE,UFC 41: Onslaught,2/28/2003,UFC 041 !UFC 41: Onslaught,2/28/2003,UFC 41,2/28/2003,,2/28/2003,UFC 41: Onslaught,2/28/2003,
Friday,11/22/2002,FALSE,FALSE,UFC 40: Vendetta,11/22/2002,UFC 040 !UFC 40: Vendetta,11/22/2002,UFC 40,11/22/2002,UFC 40 - Vendetta,11/22/2002,UFC 40: Vendetta,11/22/2002,
Friday,9/27/2002,FALSE,FALSE,UFC 39: The Warriors Return,9/27/2002,UFC 039 !UFC 39: The Warriors Return,9/27/2002,UFC 39,9/27/2002,,9/27/2002,UFC 39: The Warriors Return,9/27/2002,
Saturday,7/13/2002,FALSE,FALSE,UFC 38: Brawl at the Hall,7/13/2002,UFC 038 !UFC 38: Brawl at the Hall,7/13/2002,UFC 38,7/13/2002,UFC 38 - Brawl at the Hall,7/13/2002,UFC 38: Brawl at the Hall,7/13/2002,
Saturday,6/22/2002,FALSE,FALSE,UFC 37.5: As Real As It Gets,6/22/2002,UFC 037.5 !UFC 37.5: As Real As It Gets,6/22/2002,UFC 37.5,6/22/2002,,6/22/2002,UFC 37.5: As Real As It Gets,6/22/2002,
Friday,5/10/2002,FALSE,FALSE,UFC 37: High Impact,5/10/2002,UFC 037 !UFC 37: High Impact,5/10/2002,UFC 37,5/10/2002,UFC 37 - High Impact,5/10/2002,UFC 37: High Impact,5/10/2002,
Friday,3/22/2002,FALSE,FALSE,UFC 36: Worlds Collide,3/22/2002,UFC 036 !UFC 36: Worlds Collide,3/22/2002,UFC 36,3/22/2002,,3/22/2002,UFC 36: Worlds Collide,3/22/2002,
Friday,1/11/2002,FALSE,FALSE,UFC 35: Throwdown,1/11/2002,UFC 035 !UFC 35: Throwdown,1/11/2002,UFC 35,1/11/2002,UFC 35 - Throwdown,1/11/2002,UFC 35: Throwdown,1/11/2002,
Friday,11/2/2001,FALSE,FALSE,UFC 34: High Voltage,11/2/2001,UFC 034 !UFC 34: High Voltage,11/2/2001,UFC 34,11/2/2001,,11/2/2001,UFC 34: High Voltage,11/2/2001,
Friday,9/28/2001,FALSE,FALSE,UFC 33: Victory in Vegas,9/28/2001,UFC 033 !UFC 33: Victory in Vegas,9/28/2001,UFC 33,9/28/2001,UFC 33 - Victory in Vegas,9/28/2001,UFC 33: Victory in Vegas,9/28/2001,
Friday,6/29/2001,FALSE,FALSE,UFC 32: Showdown in the Meadowlands,6/29/2001,UFC 032 !UFC 32: Showdown in the Meadowlands,6/29/2001,UFC 32,6/29/2001,,6/29/2001,UFC 32: Showdown in the Meadowlands,6/29/2001,
Friday,5/4/2001,FALSE,FALSE,UFC 31: Locked and Loaded,5/4/2001,UFC 031 !UFC 31: Locked and Loaded,5/4/2001,UFC 31,5/4/2001,UFC 31 - Locked &amp; Loaded,5/4/2001,UFC 31: Locked and Loaded,5/4/2001,
Friday,2/23/2001,FALSE,FALSE,UFC 30: Battle on the Boardwalk,2/23/2001,UFC 030 !UFC 30: Battle on the Boardwalk,2/23/2001,UFC 30,2/23/2001,,2/23/2001,UFC 30: Battle on the Boardwalk,2/23/2001,
Saturday,12/16/2000,FALSE,FALSE,UFC 29: Defense of the Belts,12/16/2000,UFC 029 !UFC 29: Defense of the Belts,12/16/2000,UFC 29,12/16/2000,UFC 29 - Defense of the Belts,12/16/2000,UFC 29: Defense of the Belts,12/16/2000,
Friday,11/17/2000,FALSE,FALSE,UFC 28: High Stakes,11/17/2000,UFC 028 !UFC 28: High Stakes,11/17/2000,UFC 28,11/17/2000,,11/17/2000,UFC 28: High Stakes,11/17/2000,
Friday,9/22/2000,FALSE,FALSE,UFC 27: Ultimate Bad Boyz,9/22/2000,UFC 027 !UFC 27: Ultimate Bad Boyz,9/22/2000,UFC 27,9/22/2000,UFC 27 - Ultimate Bad Boyz,9/22/2000,UFC 27: Ultimate Bad Boyz,9/22/2000,
Friday,6/9/2000,FALSE,FALSE,UFC 26: Ultimate Field of Dreams,6/9/2000,UFC 026 !UFC 26: Ultimate Field of Dreams,6/9/2000,UFC 26,6/9/2000,,6/9/2000,UFC 26: Ultimate Field Of Dreams,6/9/2000,
Friday,4/14/2000,FALSE,FALSE,UFC 25: Ultimate Japan 3,4/14/2000,UFC 025 !UFC 25: Ultimate Japan 3,4/14/2000,UFC 25,4/14/2000,UFC 25 - Ultimate Japan 3,4/14/2000,UFC 25: Ultimate Japan 3,4/14/2000,
Friday,3/10/2000,FALSE,FALSE,UFC 24: First Defense,3/10/2000,UFC 024 !UFC 24: First Defense,3/10/2000,UFC 24,3/10/2000,,3/10/2000,UFC 24: First Defense,3/10/2000,
Friday,11/19/1999,FALSE,FALSE,UFC 23: Ultimate Japan 2,11/19/1999,UFC 023 !UFC 23: Ultimate Japan 2,11/19/1999,UFC 23,11/19/1999,UFC 23 - Ultimate Japan 2,11/19/1999,UFC 23: Ultimate Japan 2,11/19/1999,
Friday,9/24/1999,FALSE,FALSE,UFC 22: Only One Can be Champion,9/24/1999,UFC 022 !UFC 22: Only One Can be Champion,9/24/1999,UFC 22,9/24/1999,,9/24/1999,UFC 22: Only One Can be Champion,9/24/1999,
Friday,7/16/1999,FALSE,FALSE,UFC 21: Return of the Champions,7/16/1999,UFC 021 !UFC 21: Return of the Champions,7/16/1999,UFC 21,7/16/1999,UFC 21 - Return of the Champions,7/16/1999,UFC 21: Return of the Champions,7/16/1999,
Friday,5/7/1999,FALSE,FALSE,UFC 20: Battle for the Gold,5/7/1999,UFC 020 !UFC 20: Battle for the Gold,5/7/1999,UFC 20,5/7/1999,,5/7/1999,UFC 20: Battle for the Gold,5/7/1999,
Friday,3/5/1999,FALSE,FALSE,UFC 19: Ultimate Young Guns,3/5/1999,UFC 019 !UFC 19: Ultimate Young Guns,3/5/1999,UFC 19,3/5/1999,UFC 19 - Ultimate Young Guns,3/5/1999,UFC 19: Ultimate Young Guns,3/5/1999,
Friday,1/8/1999,FALSE,FALSE,UFC 18: The Road to the Heavyweight Title,1/8/1999,UFC 018 !UFC 18: The Road to the Heavyweight Title,1/8/1999,UFC 18,1/8/1999,,1/8/1999,UFC 18: The Road to the Heavyweight Title,1/8/1999,
Friday,10/16/1998,FALSE,FALSE,UFC Brazil: Ultimate Brazil,10/16/1998,UFC Brazil: Ultimate Brazil,10/16/1998,Ultimate,10/16/1998,UFC 17.5 - Ultimate Brazil,10/16/1998,UFC - Ultimate Brazil,10/16/1998,
Friday,5/15/1998,FALSE,FALSE,UFC 17: Redemption,5/15/1998,UFC 017 !UFC 17: Redemption,5/15/1998,UFC 17,5/15/1998,,5/15/1998,UFC 17: Redemption,5/15/1998,
Friday,3/13/1998,FALSE,FALSE,UFC 16: Battle in the Bayou,3/13/1998,UFC 016 !UFC 16: Battle in the Bayou,3/13/1998,UFC 16,3/13/1998,UFC 16 - Battle in the Bayou,3/13/1998,UFC 16: Battle in the Bayou,3/13/1998,
Sunday,12/21/1997,FALSE,FALSE,UFC Japan: Ultimate Japan,12/21/1997,UFC Japan: Ultimate Japan,12/21/1997,,12/21/1997,,12/21/1997,UFC - Ultimate Japan,12/21/1997,
Friday,10/17/1997,FALSE,FALSE,UFC 15: Collision Course,10/17/1997,UFC 015 !UFC 15: Collision Course,10/17/1997,UFC 15,10/17/1997,UFC 15 - Collision Course,10/17/1997,UFC 15: Collision Course,10/17/1997,
Sunday,7/27/1997,FALSE,FALSE,UFC 14: Showdown,7/27/1997,UFC 014 !UFC 14: Showdown,7/27/1997,UFC 14,7/27/1997,,7/27/1997,UFC 14: Showdown,7/27/1997,
Friday,5/30/1997,FALSE,FALSE,UFC 13: The Ultimate Force,5/30/1997,UFC 013 !UFC 13: The Ultimate Force,5/30/1997,UFC 13,5/30/1997,UFC 13 - The Ultimate Force,5/30/1997,UFC 13: The Ultimate Force,5/30/1997,
Friday,2/7/1997,FALSE,FALSE,UFC 12: Judgement Day,2/7/1997,UFC 012 !UFC 12: Judgement Day,2/7/1997,UFC 12,2/7/1997,,2/7/1997,UFC 12: Judgement Day,2/7/1997,
Saturday,12/7/1996,FALSE,FALSE,UFC: The Ultimate Ultimate 2,12/7/1996,UFC: The Ultimate Ultimate 2,12/7/1996,Ultimate Ultimate 96,12/7/1996,UFC - Ultimate Ultimate 1996,12/7/1996,UFC - Ultimate Ultimate '96,12/7/1996,
Friday,9/20/1996,FALSE,FALSE,UFC 11: The Proving Ground,9/20/1996,UFC 011 !UFC 11: The Proving Ground,9/20/1996,UFC 11,9/20/1996,,9/20/1996,UFC 11: The Proving Ground,9/20/1996,
Friday,7/12/1996,FALSE,FALSE,UFC 10: The Tournament,7/12/1996,UFC 010 !UFC 10: The Tournament,7/12/1996,UFC 10,7/12/1996,UFC 10 - The Tournament,7/12/1996,UFC 10: The Tournament,7/12/1996,
Friday,5/17/1996,FALSE,FALSE,UFC 9: Motor City Madness,5/17/1996,UFC 009 !UFC 9: Motor City Madness,5/17/1996,UFC 9,5/17/1996,,5/17/1996,UFC 9: Motor City Madness,5/17/1996,
Friday,2/16/1996,FALSE,FALSE,UFC 8: David vs. Goliath,2/16/1996,UFC 008 !UFC 8: David vs. Goliath,2/16/1996,UFC 8,2/16/1996,UFC 8 - David vs. Goliath,2/16/1996,UFC 8: David vs Goliath,2/16/1996,
Saturday,12/16/1995,FALSE,FALSE,UFC: The Ultimate Ultimate,12/16/1995,UFC: The Ultimate Ultimate,12/16/1995,Ultimate Ultimate 95,12/16/1995,,12/16/1995,UFC - Ultimate Ultimate '95,12/16/1995,
Friday,9/8/1995,FALSE,FALSE,UFC 7: The Brawl in Buffalo,9/8/1995,UFC 007 !UFC 7: The Brawl in Buffalo,9/8/1995,UFC 7,9/8/1995,UFC 7 - The Brawl in Buffalo,9/8/1995,UFC 7: The Brawl in Buffalo,9/8/1995,
Friday,7/14/1995,FALSE,FALSE,UFC 6: Clash of the Titans,7/14/1995,UFC 006 !UFC 6: Clash of the Titans,7/14/1995,UFC 6,7/14/1995,,7/14/1995,UFC 6: Clash of the Titans,7/14/1995,
Friday,4/7/1995,FALSE,FALSE,UFC 5: The Return of the Beast,4/7/1995,UFC 005 !UFC 5: The Return of the Beast,4/7/1995,UFC 5,4/7/1995,UFC 5 - The Return of the Beast,4/7/1995,UFC 5: The Return of the Beast,4/7/1995,
Friday,12/16/1994,FALSE,FALSE,UFC 4: Revenge of the Warriors,12/16/1994,UFC 004 !UFC 4: Revenge of the Warriors,12/16/1994,UFC 4,12/16/1994,,12/16/1994,UFC 4: Revenge of the Warriors,12/16/1994,
Friday,9/9/1994,FALSE,FALSE,UFC 3: The American Dream,9/9/1994,UFC 003 !UFC 3: The American Dream,9/9/1994,UFC 3,9/9/1994,UFC 3 - The American Dream,9/9/1994,UFC 3: The American Dream,9/9/1994,
Friday,3/11/1994,FALSE,FALSE,UFC 2: No Way Out,3/11/1994,UFC 002 !UFC 2: No Way Out,3/11/1994,UFC 2,3/11/1994,,3/11/1994,UFC 2: No Way Out,3/11/1994,
Friday,11/12/1993,FALSE,#REF!,UFC 1: The Beginning,11/12/1993,UFC 001 !UFC 1: The Beginning,11/12/1993,UFC 1,11/12/1993,UFC 1 - The Beginning,11/12/1993,UFC 1: The Beginning,11/12/1993,
